Handle,Title,Body (HTML),Vendor,Product Category,Type,Tags,Published,Option 1 Name,Option 1 Value,Variant SKU,Variant Grams,Variant Inventory Tracker,Variant Inventory Qty,Variant Inventory Policy,Variant Fulfillment Service,Variant Price,Variant Compare At Price,Variant Requires Shipping,Variant Taxable,Variant Barcode,Image Src,Image Position,Image Alt Text,Gift Card,SEO Title,SEO Description,Google Shopping / Google Product Category,Variant Image,Variant Weight Unit,Variant Tax Code,Cost per item,Price / International,Compare At Price / International,Status
adabi-istilahat,Adabi Istilahat,<p><strong>Book Title:</strong> Adabi Istilahat</p><p><strong>Urdu Title:</strong> ادبی اصطلاحات</p><p><strong>Author:</strong> Dr. Haroon Rasheed Tabassum</p><p>Beautifully printed and bound edition published by Book Corner. Ideal for readers and collectors.</p>,Dr. Haroon Rasheed Tabassum,,Books,"Urdu Books, Fiqh, Urdu Literature",true,Title,Default Title,KW-DR.-0001,400,shopify,100,deny,manual,700,900,true,false,,https://media.bookcorner.shop/uploads/5c4e9a0e77bec1548655118.jpg,1,Adabi Istilahat,false,,,,,g,,,,,active
asnaf-e-urdu,Asnaf e Urdu,<p><strong>Book Title:</strong> Asnaf e Urdu</p><p><strong>Urdu Title:</strong> اصناف اردو</p><p><strong>Author:</strong> Dr. Haroon Rasheed Tabassum</p><p>Beautifully printed and bound edition published by Book Corner. Ideal for readers and collectors.</p>,Dr. Haroon Rasheed Tabassum,,Books,"Urdu Books, Fiqh, Urdu Literature",true,Title,Default Title,KW-DR.-0002,400,shopify,100,deny,manual,700,900,true,false,,https://media.bookcorner.shop/uploads/5c4ecfcb2247f1548668875.jpg,1,Asnaf e Urdu,false,,,,,g,,,,,active
tarikh-e-urdu,Dastan Tarikh e Urdu,<p><strong>Book Title:</strong> Dastan Tarikh e Urdu</p><p><strong>Urdu Title:</strong> داستان تاریخ اردو</p><p><strong>Author:</strong> Hamid Hassan Qadri</p><p>Beautifully printed and bound edition published by Book Corner. Ideal for readers and collectors.</p>,Hamid Hassan Qadri,,Books,"Urdu Books, History, Urdu Literature",true,Title,Default Title,KW-HAM-0003,400,shopify,100,deny,manual,2000,2500,true,false,,https://media.bookcorner.shop/uploads/5facfaba784901605171898.jpg,1,Dastan Tarikh e Urdu,false,,,,,g,,,,,active
dekha-tera-america,Dekha Tera America,<p><strong>Book Title:</strong> Dekha Tera America</p><p><strong>Urdu Title:</strong> دیکھا تیرا امریکہ</p><p><strong>Author:</strong> Raza ul Haq Siddiqui</p><p>Beautifully printed and bound edition published by Book Corner. Ideal for readers and collectors.</p>,Raza ul Haq Siddiqui,,Books,"Urdu Books, Urdu Literature, Travelogue",true,Title,Default Title,KW-RAZ-0004,400,shopify,100,deny,manual,600,750,true,false,,https://media.bookcorner.shop/uploads/36.jpg,1,Dekha Tera America,false,,,,,g,,,,,active
delhi-ka-yadgar-mushaira,Delhi ka Yadgar Mushaira,<p><strong>Book Title:</strong> Delhi ka Yadgar Mushaira</p><p><strong>Urdu Title:</strong> دہلی کا ایک یادگار مشاعرہ</p><p><strong>Author:</strong> Mirza Farhat ullah Baig</p><p>Beautifully printed and bound edition published by Book Corner. Ideal for readers and collectors.</p>,Mirza Farhat ullah Baig,,Books,"Urdu Books, Poetry, History, Urdu Literature",true,Title,Default Title,KW-MIR-0005,400,shopify,100,deny,manual,500,600,true,false,,https://media.bookcorner.shop/uploads/5c4ef9abb24981548679595.jpg,1,Delhi ka Yadgar Mushaira,false,,,,,g,,,,,active
dr-ayub-sabir-bator-iqbal-shinas,Dr. Ayub Sabir Bator Iqbal Shinas,<p><strong>Book Title:</strong> Dr. Ayub Sabir Bator Iqbal Shinas</p><p><strong>Urdu Title:</strong> ڈاکٹر ایوب صابر بطور اقبال شناس</p><p><strong>Author:</strong> Dr. Haroon Rasheed Tabassum</p><p>Beautifully printed and bound edition published by Book Corner. Ideal for readers and collectors.</p>,Dr. Haroon Rasheed Tabassum,,Books,"Urdu Books, Urdu Literature",true,Title,Default Title,KW-DR.-0006,400,shopify,100,deny,manual,900,1100,true,false,,https://media.bookcorner.shop/uploads/40.jpg,1,Dr. Ayub Sabir Bator Iqbal Shinas,false,,,,,g,,,,,active
dr-wazir-agha-bator-iqbal-shinas,Dr. Wazir Agha Bator Iqbal Shinas,<p><strong>Book Title:</strong> Dr. Wazir Agha Bator Iqbal Shinas</p><p><strong>Urdu Title:</strong> ڈاکٹر وزیر آغا بطور اقبال شناس</p><p><strong>Author:</strong> Dr. Haroon Rasheed Tabassum</p><p>Beautifully printed and bound edition published by Book Corner. Ideal for readers and collectors.</p>,Dr. Haroon Rasheed Tabassum,,Books,"Urdu Books, Urdu Literature",true,Title,Default Title,KW-DR.-0007,400,shopify,100,deny,manual,480,600,true,false,,https://media.bookcorner.shop/uploads/41.jpg,1,Dr. Wazir Agha Bator Iqbal Shinas,false,,,,,g,,,,,active
ghulam-abbas-muntakhib-afsanay,Ghulam Abbas - Muntakhib Afsanay,<p><strong>Book Title:</strong> Ghulam Abbas - Muntakhib Afsanay</p><p><strong>Urdu Title:</strong> غلام عباس (منتخب افسانے)</p><p><strong>Author:</strong> Ghulam Abbas</p><p>Beautifully printed and bound edition published by Book Corner. Ideal for readers and collectors.</p>,Ghulam Abbas,,Books,"Urdu Books, Short Stories, Urdu Literature",true,Title,Default Title,KW-GHU-0008,400,shopify,100,deny,manual,950,1200,true,false,,https://media.bookcorner.shop/uploads/5c4ef94f0b1061548679503.jpg,1,Ghulam Abbas - Muntakhib Afsanay,false,,,,,g,,,,,active
hali-fehmi,Hali Fehmi,<p><strong>Book Title:</strong> Hali Fehmi</p><p><strong>Urdu Title:</strong> حالی فہمی</p><p><strong>Author:</strong> Dr. Syed Taqi Abedi</p><p>Beautifully printed and bound edition published by Book Corner. Ideal for readers and collectors.</p>,Dr. Syed Taqi Abedi,,Books,"Urdu Books, Urdu Literature",true,Title,Default Title,KW-DR.-0009,400,shopify,100,deny,manual,1200,1500,true,false,,https://media.bookcorner.shop/uploads/65.jpg,1,Hali Fehmi,false,,,,,g,,,,,active
ilyas-ishqi-ki-urdu-nasar,Ilyas Ishqi Ki Urdu Nasar,<p><strong>Book Title:</strong> Ilyas Ishqi Ki Urdu Nasar</p><p><strong>Urdu Title:</strong> الیاس عشقی کی اردو نثر</p><p><strong>Author:</strong> Prof. Dr. Abdul Salam Adil</p><p>Beautifully printed and bound edition published by Book Corner. Ideal for readers and collectors.</p>,Prof. Dr. Abdul Salam Adil,,Books,"Urdu Books, Urdu Literature",true,Title,Default Title,KW-PRO-0010,400,shopify,100,deny,manual,1500,1900,true,false,,https://media.bookcorner.shop/uploads/5c572b9f7c95b1549216671.jpg,1,Ilyas Ishqi Ki Urdu Nasar,false,,,,,g,,,,,active
ismat-chughtai-kay-shahkar-afsanay,Ismat Chughtai Kay Shahkar Afsanay,<p><strong>Book Title:</strong> Ismat Chughtai Kay Shahkar Afsanay</p><p><strong>Urdu Title:</strong> عصمت چغتائی کے شاہکار افسانے</p><p><strong>Author:</strong> Ismat Chughtai</p><p>Beautifully printed and bound edition published by Book Corner. Ideal for readers and collectors.</p>,Ismat Chughtai,,Books,"Urdu Books, Short Stories, Urdu Literature",true,Title,Default Title,KW-ISM-0011,400,shopify,100,deny,manual,950,1200,true,false,,https://media.bookcorner.shop/uploads/5c52df7b78fc21548935035.jpg,1,Ismat Chughtai Kay Shahkar Afsanay,false,,,,,g,,,,,active
jo-bichar-gaye,Jo Bichar Gaye,<p><strong>Book Title:</strong> Jo Bichar Gaye</p><p><strong>Urdu Title:</strong> جو بچھڑ گئے</p><p><strong>Author:</strong> Irfan Siddiqui</p><p>Beautifully printed and bound edition published by Book Corner. Ideal for readers and collectors.</p>,Irfan Siddiqui,,Books,"Urdu Books, Urdu Literature",true,Title,Default Title,KW-IRF-0012,400,shopify,100,deny,manual,800,1000,true,false,,https://media.bookcorner.shop/uploads/5c4eefe0cf69e1548677088.jpg,1,Jo Bichar Gaye,false,,,,,g,,,,,active
kahani-sans-leti-hai,Kahani Sans Leti Hai,<p><strong>Book Title:</strong> Kahani Sans Leti Hai</p><p><strong>Urdu Title:</strong> کہانی سانس لیتی ہے</p><p><strong>Author:</strong> Gul Sher Butt</p><p>Beautifully printed and bound edition published by Book Corner. Ideal for readers and collectors.</p>,Gul Sher Butt,,Books,"Urdu Books, Urdu Literature",true,Title,Default Title,KW-GUL-0013,400,shopify,100,deny,manual,600,750,true,false,,https://media.bookcorner.shop/uploads/109.jpg,1,Kahani Sans Leti Hai,false,,,,,g,,,,,active
kala-pani,Kala Pani,<p><strong>Book Title:</strong> Kala Pani</p><p><strong>Urdu Title:</strong> کالا پانی</p><p><strong>Author:</strong> Maulana Muhammad Jafar Thaneesri</p><p>Beautifully printed and bound edition published by Book Corner. Ideal for readers and collectors.</p>,Maulana Muhammad Jafar Thaneesri,,Books,"Urdu Books, Urdu Literature",true,Title,Default Title,KW-MAU-0014,400,shopify,100,deny,manual,500,600,true,false,,https://media.bookcorner.shop/uploads/61837ab8a51651636006584.jpg,1,Kala Pani,false,,,,,g,,,,,active
kitabain-bolti-hain,Kitabain Bolti Hain,<p><strong>Book Title:</strong> Kitabain Bolti Hain</p><p><strong>Urdu Title:</strong> کتابیں بولتی ہیں</p><p><strong>Author:</strong> Raza ul Haq Siddiqui</p><p>Beautifully printed and bound edition published by Book Corner. Ideal for readers and collectors.</p>,Raza ul Haq Siddiqui,,Books,"Urdu Books, Urdu Literature",true,Title,Default Title,KW-RAZ-0015,400,shopify,100,deny,manual,600,750,true,false,,https://media.bookcorner.shop/uploads/118.jpg,1,Kitabain Bolti Hain,false,,,,,g,,,,,active
kulyat-bedam-warsi-1,Kulyat Bedam Warsi,<p><strong>Book Title:</strong> Kulyat Bedam Warsi</p><p><strong>Urdu Title:</strong> کلیات بیدم وارثی</p><p><strong>Author:</strong> Hazrat Bedam Shah Warsi</p><p>Beautifully printed and bound edition published by Book Corner. Ideal for readers and collectors.</p>,Hazrat Bedam Shah Warsi,,Books,"Urdu Books, Poetry, Urdu Literature",true,Title,Default Title,KW-HAZ-0016,400,shopify,100,deny,manual,1500,1900,true,false,,https://media.bookcorner.shop/uploads/5e0896b9504d71577621177.jpg,1,Kulyat Bedam Warsi,false,,,,,g,,,,,active
kulyat-mubarak,Kulyat Syed Mubarak Shah,<p><strong>Book Title:</strong> Kulyat Syed Mubarak Shah</p><p><strong>Urdu Title:</strong> کلیات سید مبارک شاہ</p><p><strong>Author:</strong> Syed Mubarak Shah</p><p>Beautifully printed and bound edition published by Book Corner. Ideal for readers and collectors.</p>,Syed Mubarak Shah,,Books,"Urdu Books, Poetry, Urdu Literature",true,Title,Default Title,KW-SYE-0017,400,shopify,100,deny,manual,2000,2500,true,false,,https://media.bookcorner.shop/uploads/60c9d7ac3e2bb1623840684.jpg,1,Kulyat Syed Mubarak Shah,false,,,,,g,,,,,active
malbay-say-mili-cheezain,Malbay Say Mili Cheezain,<p><strong>Book Title:</strong> Malbay Say Mili Cheezain</p><p><strong>Urdu Title:</strong> ملبے سے ملی چیزیں</p><p><strong>Author:</strong> Naseer Ahmed Nasir</p><p>Beautifully printed and bound edition published by Book Corner. Ideal for readers and collectors.</p>,Naseer Ahmed Nasir,,Books,"Urdu Books, Poetry, Urdu Literature",true,Title,Default Title,KW-NAS-0018,400,shopify,100,deny,manual,600,750,true,false,,https://media.bookcorner.shop/uploads/5c4ecd3e00c581548668222.jpg,1,Malbay Say Mili Cheezain,false,,,,,g,,,,,active
manto-mutnaza,Manto Kay Mutnaza Afsanay,<p><strong>Book Title:</strong> Manto Kay Mutnaza Afsanay</p><p><strong>Urdu Title:</strong> منٹو کے متنازع افسانے</p><p><strong>Author:</strong> Saadat Hassan Manto</p><p>Beautifully printed and bound edition published by Book Corner. Ideal for readers and collectors.</p>,Saadat Hassan Manto,,Books,"Urdu Books, Short Stories, Urdu Literature",true,Title,Default Title,KW-SAA-0019,400,shopify,100,deny,manual,1200,1500,true,false,,https://media.bookcorner.shop/uploads/5c5fe794ccfc31549789076.jpg,1,Manto Kay Mutnaza Afsanay,false,,,,,g,,,,,active
manto-kay-mutnaza-afsanay-premium-quality,Manto Kay Mutnaza Afsanay (Premium Quality),<p><strong>Book Title:</strong> Manto Kay Mutnaza Afsanay (Premium Quality)</p><p><strong>Urdu Title:</strong> منٹو کے متنازع افسانے (ڈیلکس)</p><p><strong>Author:</strong> Saadat Hassan Manto</p><p>Beautifully printed and bound edition published by Book Corner. Ideal for readers and collectors.</p>,Saadat Hassan Manto,,Books,"Urdu Books, Short Stories, Urdu Literature",true,Title,Default Title,KW-SAA-0020,400,shopify,100,deny,manual,2000,2500,true,false,,https://media.bookcorner.shop/uploads/610ea00db0e791628348429.jpg,1,Manto Kay Mutnaza Afsanay (Premium Quality),false,,,,,g,,,,,active
chenung,Chenung,<p><strong>Book Title:</strong> Chenung</p><p><strong>Urdu Title:</strong> چننگ</p><p><strong>Author:</strong> Farrukh Yar</p><p>Beautifully printed and bound edition published by Book Corner. Ideal for readers and collectors.</p>,Farrukh Yar,,Books,Punjabi Books,true,Title,Default Title,KW-FAR-0021,400,shopify,100,deny,manual,1500,1900,true,false,,https://media.bookcorner.shop/uploads/6a369b4e4475d1781963598.jpg,1,Chenung,false,,,,,g,,,,,active
maktab-e-ishq,Maktab e Ishq,<p><strong>Book Title:</strong> Maktab e Ishq</p><p><strong>Urdu Title:</strong> مکتب عشق</p><p><strong>Author:</strong> Syed Shabbir Ahmed</p><p>Beautifully printed and bound edition published by Book Corner. Ideal for readers and collectors.</p>,Syed Shabbir Ahmed,,Books,Punjabi Books,true,Title,Default Title,KW-SYE-0022,400,shopify,100,deny,manual,1250,1550,true,false,,https://media.bookcorner.shop/uploads/63c6903fda6c91673957439.jpg,1,Maktab e Ishq,false,,,,,g,,,,,active
punjab-punjabi-aur-punjabiyat,"Punjab, Punjabi aur Punjabiyat","<p><strong>Book Title:</strong> Punjab, Punjabi aur Punjabiyat</p><p><strong>Urdu Title:</strong> پنجاب پنجابی اور پنجابیت</p><p><strong>Author:</strong> Khushwant Singh</p><p>Beautifully printed and bound edition published by Book Corner. Ideal for readers and collectors.</p>",Khushwant Singh,,Books,Punjabi Books,true,Title,Default Title,KW-KHU-0023,400,shopify,100,deny,manual,1500,1900,true,false,,https://media.bookcorner.shop/uploads/5e64abbc6f5741583655868.jpg,1,"Punjab, Punjabi aur Punjabiyat",false,,,,,g,,,,,active
mela-akhiyanda,Mela Akhiyan Da,<p><strong>Book Title:</strong> Mela Akhiyan Da</p><p><strong>Urdu Title:</strong> میلہ اکھیاں دا</p><p><strong>Author:</strong> Anwar Masood</p><p>Beautifully printed and bound edition published by Book Corner. Ideal for readers and collectors.</p>,Anwar Masood,,Books,Punjabi Books,true,Title,Default Title,KW-ANW-0024,400,shopify,100,deny,manual,500,600,true,false,,https://media.bookcorner.shop/uploads/5fd75c70c50dd1607949424.jpg,1,Mela Akhiyan Da,false,,,,,g,,,,,active
dictionary-punjabi,Pilac Dictionary (Punjabi tu Punjabi) 7 Vol Complete Set,<p><strong>Book Title:</strong> Pilac Dictionary (Punjabi tu Punjabi) 7 Vol Complete Set</p><p><strong>Urdu Title:</strong> پلاک ڈکشنری (پنجابی توں پنجابی) 7 جلدیں مکمل سیٹ</p><p><strong>Author:</strong> Unknown Author</p><p>Beautifully printed and bound edition published by Book Corner. Ideal for readers and collectors.</p>,Unknown Author,,Books,Punjabi Books,true,Title,Default Title,KW-UNK-0025,400,shopify,100,deny,manual,12000,15000,true,false,,https://media.bookcorner.shop/uploads/5fabfabce862e1605106364.jpg,1,Pilac Dictionary (Punjabi tu Punjabi) 7 Vol Complete Set,false,,,,,g,,,,,active
kalam-pir-fazal-gujrati,Kalam Pir Fazal Gujrati,<p><strong>Book Title:</strong> Kalam Pir Fazal Gujrati</p><p><strong>Urdu Title:</strong> کلام پیر فضل گجراتی</p><p><strong>Author:</strong> Prof. Dr. Nabila Rehman</p><p>Beautifully printed and bound edition published by Book Corner. Ideal for readers and collectors.</p>,Prof. Dr. Nabila Rehman,,Books,Punjabi Books,true,Title,Default Title,KW-PRO-0026,400,shopify,100,deny,manual,1800,2250,true,false,,https://media.bookcorner.shop/uploads/5fbf66d97c7311606379225.jpg,1,Kalam Pir Fazal Gujrati,false,,,,,g,,,,,active
kulyat-shiv-kumar-batalvi-1,Kulyat Shiv Kumar Batalvi,<p><strong>Book Title:</strong> Kulyat Shiv Kumar Batalvi</p><p><strong>Urdu Title:</strong> کلیات شو کمار بٹالوی</p><p><strong>Author:</strong> Shiv Kumar Batalvi</p><p>Beautifully printed and bound edition published by Book Corner. Ideal for readers and collectors.</p>,Shiv Kumar Batalvi,,Books,Punjabi Books,true,Title,Default Title,KW-SHI-0027,400,shopify,100,deny,manual,1500,1900,true,false,,https://media.bookcorner.shop/uploads/5f1bcec5beba81595657925.jpg,1,Kulyat Shiv Kumar Batalvi,false,,,,,g,,,,,active
kul-kalam,Kul Kalam,<p><strong>Book Title:</strong> Kul Kalam</p><p><strong>Urdu Title:</strong> کل کلام</p><p><strong>Author:</strong> Munir Niazi</p><p>Beautifully printed and bound edition published by Book Corner. Ideal for readers and collectors.</p>,Munir Niazi,,Books,Punjabi Books,true,Title,Default Title,KW-MUN-0028,400,shopify,100,deny,manual,700,900,true,false,,https://media.bookcorner.shop/uploads/680e38363f61d1745762358.jpg,1,Kul Kalam,false,,,,,g,,,,,active
kaghaz-tay-canvas,Kaghaz Tay Canvas,<p><strong>Book Title:</strong> Kaghaz Tay Canvas</p><p><strong>Urdu Title:</strong> کاغذ تے کینوس</p><p><strong>Author:</strong> Amrita Pritam</p><p>Beautifully printed and bound edition published by Book Corner. Ideal for readers and collectors.</p>,Amrita Pritam,,Books,Punjabi Books,true,Title,Default Title,KW-AMR-0029,400,shopify,100,deny,manual,1995,2500,true,false,,https://media.bookcorner.shop/uploads/5ff69b440db771609997124.jpg,1,Kaghaz Tay Canvas,false,,,,,g,,,,,active
daman-day-moti,Daman Day Moti,<p><strong>Book Title:</strong> Daman Day Moti</p><p><strong>Urdu Title:</strong> دامن دے موتی</p><p><strong>Author:</strong> Ustad Daman</p><p>Beautifully printed and bound edition published by Book Corner. Ideal for readers and collectors.</p>,Ustad Daman,,Books,Punjabi Books,true,Title,Default Title,KW-UST-0030,400,shopify,100,deny,manual,795,1000,true,false,,https://media.bookcorner.shop/uploads/5f156b38c85bc1595239224.jpg,1,Daman Day Moti,false,,,,,g,,,,,active
baghawat-2,Baghawat (Darshan Singh Awara),<p><strong>Book Title:</strong> Baghawat (Darshan Singh Awara)</p><p><strong>Urdu Title:</strong> بغاوت</p><p><strong>Author:</strong> Darshan Singh Awara</p><p>Beautifully printed and bound edition published by Book Corner. Ideal for readers and collectors.</p>,Darshan Singh Awara,,Books,Punjabi Books,true,Title,Default Title,KW-DAR-0031,400,shopify,100,deny,manual,260,300,true,false,,https://media.bookcorner.shop/uploads/6034c470500d81614070896.jpg,1,Baghawat (Darshan Singh Awara),false,,,,,g,,,,,active
sohni-mahinval,Sohni Mahinval,<p><strong>Book Title:</strong> Sohni Mahinval</p><p><strong>Urdu Title:</strong> سوہنی مہینوال منتخب کلام</p><p><strong>Author:</strong> Syed Fazal Shah Navankoti</p><p>Beautifully printed and bound edition published by Book Corner. Ideal for readers and collectors.</p>,Syed Fazal Shah Navankoti,,Books,Punjabi Books,true,Title,Default Title,KW-SYE-0032,400,shopify,100,deny,manual,150,200,true,false,,https://media.bookcorner.shop/uploads/60c5c32c823e21623573292.jpg,1,Sohni Mahinval,false,,,,,g,,,,,active
allah-miyan-thallay-aa,Allah Miyan Thallay Aa,<p><strong>Book Title:</strong> Allah Miyan Thallay Aa</p><p><strong>Urdu Title:</strong> اللہ میاں تھلے آ</p><p><strong>Author:</strong> Sain Akhtar Lahori</p><p>Beautifully printed and bound edition published by Book Corner. Ideal for readers and collectors.</p>,Sain Akhtar Lahori,,Books,Punjabi Books,true,Title,Default Title,KW-SAI-0033,400,shopify,100,deny,manual,495,600,true,false,,https://media.bookcorner.shop/uploads/5f156b565c8441595239254.jpg,1,Allah Miyan Thallay Aa,false,,,,,g,,,,,active
bhulleh-shah-muntakhab-kalam-urdu-tarjuma,Bhulleh Shah Muntakhab Kalam Urdu Tarjuma,<p><strong>Book Title:</strong> Bhulleh Shah Muntakhab Kalam Urdu Tarjuma</p><p><strong>Urdu Title:</strong> بلھے شاہ منتخب کلام مع اردو ترجمہ</p><p><strong>Author:</strong> Bulleh Shah</p><p>Beautifully printed and bound edition published by Book Corner. Ideal for readers and collectors.</p>,Bulleh Shah,,Books,Punjabi Books,true,Title,Default Title,KW-BUL-0034,400,shopify,100,deny,manual,120,150,true,false,,https://media.bookcorner.shop/uploads/60c5ce44ae9e51623576132.jpg,1,Bhulleh Shah Muntakhab Kalam Urdu Tarjuma,false,,,,,g,,,,,active
punjabi-shayaron-ka-jadeed-tazkira,Punjabi Shayaron Ka Jadeed Tazkira,<p><strong>Book Title:</strong> Punjabi Shayaron Ka Jadeed Tazkira</p><p><strong>Urdu Title:</strong> پنجابی شاعروں کا جدید تذکرہ</p><p><strong>Author:</strong> Dr. Asif Riyaz e Qadeer</p><p>Beautifully printed and bound edition published by Book Corner. Ideal for readers and collectors.</p>,Dr. Asif Riyaz e Qadeer,,Books,Punjabi Books,true,Title,Default Title,KW-DR.-0035,400,shopify,100,deny,manual,630,800,true,false,,https://media.bookcorner.shop/uploads/60c607febba321623590910.jpg,1,Punjabi Shayaron Ka Jadeed Tazkira,false,,,,,g,,,,,active
tere-nal-mohabbatan-kahdiyan,Tere Nal Mohabbatan Kahdiyan,<p><strong>Book Title:</strong> Tere Nal Mohabbatan Kahdiyan</p><p><strong>Urdu Title:</strong> ترے نال محبتاں کاہدیاں</p><p><strong>Author:</strong> Saad ullah Shah</p><p>Beautifully printed and bound edition published by Book Corner. Ideal for readers and collectors.</p>,Saad ullah Shah,,Books,Punjabi Books,true,Title,Default Title,KW-SAA-0036,400,shopify,100,deny,manual,450,550,true,false,,https://media.bookcorner.shop/uploads/60e2f8debae7f1625487582.jpg,1,Tere Nal Mohabbatan Kahdiyan,false,,,,,g,,,,,active
lahore-di-var-duja-praga-maseetan,Lahore di Var Duja Praga: Maseetan,<p><strong>Book Title:</strong> Lahore di Var Duja Praga: Maseetan</p><p><strong>Urdu Title:</strong> لہور دی وار دوجا پراگا: مسیتاں</p><p><strong>Author:</strong> Mudassar Basheer</p><p>Beautifully printed and bound edition published by Book Corner. Ideal for readers and collectors.</p>,Mudassar Basheer,,Books,Punjabi Books,true,Title,Default Title,KW-MUD-0037,400,shopify,100,deny,manual,400,500,true,false,,https://media.bookcorner.shop/uploads/60e9545e98d3d1625904222.jpg,1,Lahore di Var Duja Praga: Maseetan,false,,,,,g,,,,,active
saif-ul-malook-economical-edition,Saif ul Malook (Economical Edition),<p><strong>Book Title:</strong> Saif ul Malook (Economical Edition)</p><p><strong>Urdu Title:</strong> سیف الملوک (اکنامیکل)</p><p><strong>Author:</strong> Miyan Muhammad Bakhsh</p><p>Beautifully printed and bound edition published by Book Corner. Ideal for readers and collectors.</p>,Miyan Muhammad Bakhsh,,Books,Punjabi Books,true,Title,Default Title,KW-MIY-0038,400,shopify,100,deny,manual,500,600,true,false,,https://media.bookcorner.shop/uploads/60ed4ee9887721626164969.jpg,1,Saif ul Malook (Economical Edition),false,,,,,g,,,,,active
saif-ul-malook-o-qissa-badi-ul-jamal,Saif ul Malook o Qissa Badi ul Jamal,<p><strong>Book Title:</strong> Saif ul Malook o Qissa Badi ul Jamal</p><p><strong>Urdu Title:</strong> سیف الملوک و بدیع الجمال</p><p><strong>Author:</strong> Miyan Muhammad Bakhsh</p><p>Beautifully printed and bound edition published by Book Corner. Ideal for readers and collectors.</p>,Miyan Muhammad Bakhsh,,Books,Punjabi Books,true,Title,Default Title,KW-MIY-0039,400,shopify,100,deny,manual,480,600,true,false,,https://media.bookcorner.shop/uploads/60ed4f2aae9101626165034.jpg,1,Saif ul Malook o Qissa Badi ul Jamal,false,,,,,g,,,,,active
tohfa-e-meeran,Tohfa e Meeran,<p><strong>Book Title:</strong> Tohfa e Meeran</p><p><strong>Urdu Title:</strong> تحفۂ میراں</p><p><strong>Author:</strong> Miyan Muhammad Bakhsh</p><p>Beautifully printed and bound edition published by Book Corner. Ideal for readers and collectors.</p>,Miyan Muhammad Bakhsh,,Books,Punjabi Books,true,Title,Default Title,KW-MIY-0040,400,shopify,100,deny,manual,400,500,true,false,,https://media.bookcorner.shop/uploads/60ed4f74b0f3b1626165108.jpg,1,Tohfa e Meeran,false,,,,,g,,,,,active
prince-of-the-believers-hazrat-ali-ra,Prince of the Believers Hazrat Ali (R.A) (Deluxe),<p><strong>Book Title:</strong> Prince of the Believers Hazrat Ali (R.A) (Deluxe)</p><p><strong>Author:</strong> Zohra Umer Qureshi</p><p>Beautifully printed and bound edition published by Book Corner. Ideal for readers and collectors.</p>,Zohra Umer Qureshi,,Books,English Books,true,Title,Default Title,KW-ZOH-0041,400,shopify,100,deny,manual,600,750,true,false,,https://media.bookcorner.shop/uploads/5e08a754c535a1577625428.jpg,1,Prince of the Believers Hazrat Ali (R.A) (Deluxe),false,,,,,g,,,,,active
gulzar-the-speaking-silence,Gulzar - The Speaking Silence,<p><strong>Book Title:</strong> Gulzar - The Speaking Silence</p><p><strong>Author:</strong> Gul Sher Butt</p><p>Beautifully printed and bound edition published by Book Corner. Ideal for readers and collectors.</p>,Gul Sher Butt,,Books,English Books,true,Title,Default Title,KW-GUL-0042,400,shopify,100,deny,manual,1500,1900,true,false,,https://media.bookcorner.shop/uploads/5d7a511b021121568297243.jpg,1,Gulzar - The Speaking Silence,false,,,,,g,,,,,active
living-with-leadership,Living With Leadership,<p><strong>Book Title:</strong> Living With Leadership</p><p><strong>Author:</strong> Prof. Saeed Rashid Alig</p><p>Beautifully printed and bound edition published by Book Corner. Ideal for readers and collectors.</p>,Prof. Saeed Rashid Alig,,Books,English Books,true,Title,Default Title,KW-PRO-0043,400,shopify,100,deny,manual,800,1000,true,false,,https://media.bookcorner.shop/uploads/5f3d2848763601597843528.jpg,1,Living With Leadership,false,,,,,g,,,,,active
the-squeezed-emotions,The Squeezed Emotions,<p><strong>Book Title:</strong> The Squeezed Emotions</p><p><strong>Author:</strong> Aamnah Shahid</p><p>Beautifully printed and bound edition published by Book Corner. Ideal for readers and collectors.</p>,Aamnah Shahid,,Books,English Books,true,Title,Default Title,KW-AAM-0044,400,shopify,100,deny,manual,1095,1350,true,false,,https://media.bookcorner.shop/uploads/5df247a9d369d1576159145.jpg,1,The Squeezed Emotions,false,,,,,g,,,,,active
tryst-with-the-destiny-1,Tryst With The Destiny,<p><strong>Book Title:</strong> Tryst With The Destiny</p><p><strong>Author:</strong> Dr Ghulam Rasool Tariq</p><p>Beautifully printed and bound edition published by Book Corner. Ideal for readers and collectors.</p>,Dr Ghulam Rasool Tariq,,Books,English Books,true,Title,Default Title,KW-DR -0045,400,shopify,100,deny,manual,2495,3100,true,false,,https://media.bookcorner.shop/uploads/5e75c7fcc08a51584777212.jpg,1,Tryst With The Destiny,false,,,,,g,,,,,active
first-flame,First Flame,<p><strong>Book Title:</strong> First Flame</p><p><strong>Author:</strong> Ali Ahmed Malik</p><p>Beautifully printed and bound edition published by Book Corner. Ideal for readers and collectors.</p>,Ali Ahmed Malik,,Books,English Books,true,Title,Default Title,KW-ALI-0046,400,shopify,100,deny,manual,595,750,true,false,,https://media.bookcorner.shop/uploads/5f16eb51d107e1595337553.jpg,1,First Flame,false,,,,,g,,,,,active
a-lasting-lighthouse,In Search of Light,<p><strong>Book Title:</strong> In Search of Light</p><p><strong>Author:</strong> Prof. Saeed Rashid Alig</p><p>Beautifully printed and bound edition published by Book Corner. Ideal for readers and collectors.</p>,Prof. Saeed Rashid Alig,,Books,"English Books, Essays, CSS / PMS",true,Title,Default Title,KW-PRO-0047,400,shopify,100,deny,manual,600,750,true,false,,https://media.bookcorner.shop/uploads/60c071357fa8e1623224629.jpg,1,In Search of Light,false,,,,,g,,,,,active
a-lasting-lighthouse-1,A Lasting Lighthouse,<p><strong>Book Title:</strong> A Lasting Lighthouse</p><p><strong>Author:</strong> Prof. Saeed Rashid Alig</p><p>Beautifully printed and bound edition published by Book Corner. Ideal for readers and collectors.</p>,Prof. Saeed Rashid Alig,,Books,"English Books, Essays, CSS / PMS",true,Title,Default Title,KW-PRO-0048,400,shopify,100,deny,manual,900,1100,true,false,,https://media.bookcorner.shop/uploads/60c07386e8d531623225222.jpg,1,A Lasting Lighthouse,false,,,,,g,,,,,active
from-school-to-college,From School to College,<p><strong>Book Title:</strong> From School to College</p><p><strong>Author:</strong> Prof. Saeed Rashid Alig</p><p>Beautifully printed and bound edition published by Book Corner. Ideal for readers and collectors.</p>,Prof. Saeed Rashid Alig,,Books,"English Books, Essays",true,Title,Default Title,KW-PRO-0049,400,shopify,100,deny,manual,400,500,true,false,,https://media.bookcorner.shop/uploads/60c076aa8410f1623226026.jpg,1,From School to College,false,,,,,g,,,,,active
light-of-the-shadows,Light of the Shadows - Bilingual Edition (Eng & Urdu),<p><strong>Book Title:</strong> Light of the Shadows - Bilingual Edition (Eng & Urdu)</p><p><strong>Author:</strong> Amjad Islam Amjad</p><p>Beautifully printed and bound edition published by Book Corner. Ideal for readers and collectors.</p>,Amjad Islam Amjad,,Books,English Books,true,Title,Default Title,KW-AMJ-0050,400,shopify,100,deny,manual,2795,3500,true,false,,https://media.bookcorner.shop/uploads/620b1948ad0681644894536.jpg,1,Light of the Shadows - Bilingual Edition (Eng & Urdu),false,,,,,g,,,,,active
snuffing-out-the-moon,Snuffing Out the Moon (2nd Edition),<p><strong>Book Title:</strong> Snuffing Out the Moon (2nd Edition)</p><p><strong>Author:</strong> Osama Siddique</p><p>Beautifully printed and bound edition published by Book Corner. Ideal for readers and collectors.</p>,Osama Siddique,,Books,English Books,true,Title,Default Title,KW-OSA-0051,400,shopify,100,deny,manual,2000,2500,true,false,,https://media.bookcorner.shop/uploads/670286006a6c11728218624.jpg,1,Snuffing Out the Moon (2nd Edition),false,,,,,g,,,,,active
pakistans-experience,Pakistan’s Experience with Formal Law,<p><strong>Book Title:</strong> Pakistan’s Experience with Formal Law</p><p><strong>Author:</strong> Osama Siddique</p><p>Beautifully printed and bound edition published by Book Corner. Ideal for readers and collectors.</p>,Osama Siddique,,Books,English Books,true,Title,Default Title,KW-OSA-0052,400,shopify,100,deny,manual,2000,2500,true,false,,https://media.bookcorner.shop/uploads/678bb2ae7b0441737208494.jpg,1,Pakistan’s Experience with Formal Law,false,,,,,g,,,,,active
storm-within,Storm Within: Pakistan’s Struggle and Punjab’s Path to Climate Action,<p><strong>Book Title:</strong> Storm Within: Pakistan’s Struggle and Punjab’s Path to Climate Action</p><p><strong>Author:</strong> Syed Haider Ali</p><p>Beautifully printed and bound edition published by Book Corner. Ideal for readers and collectors.</p>,Syed Haider Ali,,Books,English Books,true,Title,Default Title,KW-SYE-0053,400,shopify,100,deny,manual,1500,1900,true,false,,https://media.bookcorner.shop/uploads/68661df6a1ace1751522806.jpg,1,Storm Within: Pakistan’s Struggle and Punjab’s Path to Climate Action,false,,,,,g,,,,,active
reimagining,Reimagining Education In Pakistan,<p><strong>Book Title:</strong> Reimagining Education In Pakistan</p><p><strong>Author:</strong> Shahid Siddiqui</p><p>Beautifully printed and bound edition published by Book Corner. Ideal for readers and collectors.</p>,Shahid Siddiqui,,Books,"English Books, Education, Pakistan",true,Title,Default Title,KW-SHA-0054,400,shopify,100,deny,manual,1500,1900,true,false,,https://media.bookcorner.shop/uploads/691817c311d7b1763186627.jpg,1,Reimagining Education In Pakistan,false,,,,,g,,,,,active
who-knows,Who Knows the Bounds of Desire,<p><strong>Book Title:</strong> Who Knows the Bounds of Desire</p><p><strong>Author:</strong> Osama Siddique</p><p>Beautifully printed and bound edition published by Book Corner. Ideal for readers and collectors.</p>,Osama Siddique,,Books,English Books,true,Title,Default Title,KW-OSA-0055,400,shopify,100,deny,manual,2800,3500,true,false,,https://media.bookcorner.shop/uploads/692c1e94bf4201764499092.jpg,1,Who Knows the Bounds of Desire,false,,,,,g,,,,,active
rethinking-education,Rethinking Education in Pakistan (Updated and Expanded Edition),<p><strong>Book Title:</strong> Rethinking Education in Pakistan (Updated and Expanded Edition)</p><p><strong>Author:</strong> Shahid Siddiqui</p><p>Beautifully printed and bound edition published by Book Corner. Ideal for readers and collectors.</p>,Shahid Siddiqui,,Books,"English Books, Education, Pakistan",true,Title,Default Title,KW-SHA-0056,400,shopify,100,deny,manual,1500,1900,true,false,,https://media.bookcorner.shop/uploads/69d6513a5385d1775653178.jpg,1,Rethinking Education in Pakistan (Updated and Expanded Edition),false,,,,,g,,,,,active
a-house-without-a-door,A House Without a Door,<p><strong>Book Title:</strong> A House Without a Door</p><p><strong>Author:</strong> Khalid Fateh Muhammad</p><p>Beautifully printed and bound edition published by Book Corner. Ideal for readers and collectors.</p>,Khalid Fateh Muhammad,,Books,English Books,true,Title,Default Title,KW-KHA-0057,400,shopify,100,deny,manual,1195,1500,true,false,,https://media.bookcorner.shop/uploads/6a5a262337a711784292899.jpg,1,A House Without a Door,false,,,,,g,,,,,active
dont-be-sad,Don't Be Sad,<p><strong>Book Title:</strong> Don't Be Sad</p><p><strong>Author:</strong> Dr. Ayiz ul Qarni</p><p>Beautifully printed and bound edition published by Book Corner. Ideal for readers and collectors.</p>,Dr. Ayiz ul Qarni,,Books,English Books,true,Title,Default Title,KW-DR.-0058,400,shopify,100,deny,manual,1200,1500,true,false,,https://media.bookcorner.shop/uploads/5feec898904c91609484440.jpg,1,Don't Be Sad,false,,,,,g,,,,,active
the-tuzuk-i-jahangiri-memoirs-of-jahangir,THE TUZUK-I-JAHANGIRI (MEMOIRS OF JAHANGIR),<p><strong>Book Title:</strong> THE TUZUK-I-JAHANGIRI (MEMOIRS OF JAHANGIR)</p><p><strong>Author:</strong> ALEXANDER ROGERS</p><p>Beautifully printed and bound edition published by Book Corner. Ideal for readers and collectors.</p>,ALEXANDER ROGERS,,Books,English Books,true,Title,Default Title,KW-ALE-0059,400,shopify,100,deny,manual,2800,3500,true,false,,https://media.bookcorner.shop/uploads/9693510933.jpg,1,THE TUZUK-I-JAHANGIRI (MEMOIRS OF JAHANGIR),false,,,,,g,,,,,active
reflections-on-rumi,REFLECTIONS ON RUMI,<p><strong>Book Title:</strong> REFLECTIONS ON RUMI</p><p><strong>Author:</strong> DR. AFZAL IQBAL</p><p>Beautifully printed and bound edition published by Book Corner. Ideal for readers and collectors.</p>,DR. AFZAL IQBAL,,Books,"English Books, Tasawuf",true,Title,Default Title,KW-DR.-0060,400,shopify,100,deny,manual,450,550,true,false,,https://media.bookcorner.shop/uploads/9693525264.jpg,1,REFLECTIONS ON RUMI,false,,,,,g,,,,,active
mulla-nasruddin,Mulla Nasruddin (Dastan Khawaja...),<p><strong>Book Title:</strong> Mulla Nasruddin (Dastan Khawaja...)</p><p><strong>Urdu Title:</strong> ملا نصر الدین (داستان خواجہ بخارا کی)</p><p><strong>Author:</strong> Leonid Solovyov</p><p>Beautifully printed and bound edition published by Book Corner. Ideal for readers and collectors.</p>,Leonid Solovyov,,Books,Novel,true,Title,Default Title,KW-LEO-0061,400,shopify,100,deny,manual,600,750,true,false,,https://media.bookcorner.shop/uploads/5c530df2bdb3d1548946930.jpg,1,Mulla Nasruddin (Dastan Khawaja...),false,,,,,g,,,,,active
anwasi,Anwasi,<p><strong>Book Title:</strong> Anwasi</p><p><strong>Urdu Title:</strong> انواسی</p><p><strong>Author:</strong> Muhammad Hafeez Khan</p><p>Beautifully printed and bound edition published by Book Corner. Ideal for readers and collectors.</p>,Muhammad Hafeez Khan,,Books,Novel,true,Title,Default Title,KW-MUH-0062,400,shopify,100,deny,manual,1500,1900,true,false,,https://media.bookcorner.shop/uploads/5ddcee118db351574759953.jpg,1,Anwasi,false,,,,,g,,,,,active
kalay-kos,Kalay Kos,<p><strong>Book Title:</strong> Kalay Kos</p><p><strong>Urdu Title:</strong> کالے کوس</p><p><strong>Author:</strong> Balwant Singh</p><p>Beautifully printed and bound edition published by Book Corner. Ideal for readers and collectors.</p>,Balwant Singh,,Books,Novel,true,Title,Default Title,KW-BAL-0063,400,shopify,100,deny,manual,950,1200,true,false,,https://media.bookcorner.shop/uploads/5e36cbdea314b1580649438.jpg,1,Kalay Kos,false,,,,,g,,,,,active
aik-sawaal,Aik Sawaal,<p><strong>Book Title:</strong> Aik Sawaal</p><p><strong>Urdu Title:</strong> ایک سوال</p><p><strong>Author:</strong> Amrita Pritam</p><p>Beautifully printed and bound edition published by Book Corner. Ideal for readers and collectors.</p>,Amrita Pritam,,Books,Novel,true,Title,Default Title,KW-AMR-0064,400,shopify,100,deny,manual,700,900,true,false,,https://media.bookcorner.shop/uploads/5e663aa23f7521583757986.jpg,1,Aik Sawaal,false,,,,,g,,,,,active
raat-chor-aur-chaand-1,Raat Chor aur Chaand,<p><strong>Book Title:</strong> Raat Chor aur Chaand</p><p><strong>Urdu Title:</strong> رات چور اور چاند</p><p><strong>Author:</strong> Balwant Singh</p><p>Beautifully printed and bound edition published by Book Corner. Ideal for readers and collectors.</p>,Balwant Singh,,Books,Novel,true,Title,Default Title,KW-BAL-0065,400,shopify,100,deny,manual,1500,1900,true,false,,https://media.bookcorner.shop/uploads/5e6a4acf2c2331584024271.jpg,1,Raat Chor aur Chaand,false,,,,,g,,,,,active
ghaddaar-1,Ghaddaar (2nd Edition),<p><strong>Book Title:</strong> Ghaddaar (2nd Edition)</p><p><strong>Urdu Title:</strong> غدار</p><p><strong>Author:</strong> Krishan Chander</p><p>Beautifully printed and bound edition published by Book Corner. Ideal for readers and collectors.</p>,Krishan Chander,,Books,Novel,true,Title,Default Title,KW-KRI-0066,400,shopify,100,deny,manual,500,600,true,false,,https://media.bookcorner.shop/uploads/62f0f2b5a0a3a1659957941.jpg,1,Ghaddaar (2nd Edition),false,,,,,g,,,,,active
karaknath,Karaknath,<p><strong>Book Title:</strong> Karaknath</p><p><strong>Urdu Title:</strong> کرک ناتھ</p><p><strong>Author:</strong> Muhammad Hafeez Khan</p><p>Beautifully printed and bound edition published by Book Corner. Ideal for readers and collectors.</p>,Muhammad Hafeez Khan,,Books,Novel,true,Title,Default Title,KW-MUH-0067,400,shopify,100,deny,manual,2000,2500,true,false,,https://media.bookcorner.shop/uploads/5ec12e1b446791589718555.jpg,1,Karaknath,false,,,,,g,,,,,active
terhi-lakir,Terhi Lakir,<p><strong>Book Title:</strong> Terhi Lakir</p><p><strong>Urdu Title:</strong> ٹیڑھی لکیر</p><p><strong>Author:</strong> Ismat Chughtai</p><p>Beautifully printed and bound edition published by Book Corner. Ideal for readers and collectors.</p>,Ismat Chughtai,,Books,Novel,true,Title,Default Title,KW-ISM-0068,400,shopify,100,deny,manual,1500,1900,true,false,,https://media.bookcorner.shop/uploads/5ec8f7d09fcb41590228944.jpg,1,Terhi Lakir,false,,,,,g,,,,,active
aur-don,Aur Don Behta Raha (2nd Edition),<p><strong>Book Title:</strong> Aur Don Behta Raha (2nd Edition)</p><p><strong>Urdu Title:</strong> اور ڈان بہتا رہا</p><p><strong>Author:</strong> Mikhail Sholokhov</p><p>Beautifully printed and bound edition published by Book Corner. Ideal for readers and collectors.</p>,Mikhail Sholokhov,,Books,Novel,true,Title,Default Title,KW-MIK-0069,400,shopify,100,deny,manual,1800,2250,true,false,,https://media.bookcorner.shop/uploads/6437c73054ab91681377072.jpg,1,Aur Don Behta Raha (2nd Edition),false,,,,,g,,,,,active
jab-khayt-jaagay,Jab Khayt Jaagay (2nd Edition),<p><strong>Book Title:</strong> Jab Khayt Jaagay (2nd Edition)</p><p><strong>Urdu Title:</strong> جب کھیت جاگے</p><p><strong>Author:</strong> Krishan Chander</p><p>Beautifully printed and bound edition published by Book Corner. Ideal for readers and collectors.</p>,Krishan Chander,,Books,Novel,true,Title,Default Title,KW-KRI-0070,400,shopify,100,deny,manual,800,1000,true,false,,https://media.bookcorner.shop/uploads/64ba311f43a121689923871.jpg,1,Jab Khayt Jaagay (2nd Edition),false,,,,,g,,,,,active
kai-chand-the-sar-e-asman,Kai Chand The Sar-e Asman (3rd Edition),<p><strong>Book Title:</strong> Kai Chand The Sar-e Asman (3rd Edition)</p><p><strong>Urdu Title:</strong> کئی چاند تھے سر آسماں</p><p><strong>Author:</strong> Shamsur Rahman Faruqi</p><p>Beautifully printed and bound edition published by Book Corner. Ideal for readers and collectors.</p>,Shamsur Rahman Faruqi,,Books,Novel,true,Title,Default Title,KW-SHA-0071,400,shopify,100,deny,manual,3000,3750,true,false,,https://media.bookcorner.shop/uploads/64ede6dee1dfa1693312734.jpg,1,Kai Chand The Sar-e Asman (3rd Edition),false,,,,,g,,,,,active
adh-adhorey-log,Adh Adhurey Log,<p><strong>Book Title:</strong> Adh Adhurey Log</p><p><strong>Urdu Title:</strong> ادھ ادھورے لوگ</p><p><strong>Author:</strong> Muhammad Hafeez Khan</p><p>Beautifully printed and bound edition published by Book Corner. Ideal for readers and collectors.</p>,Muhammad Hafeez Khan,,Books,Novel,true,Title,Default Title,KW-MUH-0072,400,shopify,100,deny,manual,1200,1500,true,false,,https://media.bookcorner.shop/uploads/60af8424d50861622115364.jpg,1,Adh Adhurey Log,false,,,,,g,,,,,active
firdaus-e-bareen,Firdaus e Bareen,<p><strong>Book Title:</strong> Firdaus e Bareen</p><p><strong>Urdu Title:</strong> فردوس بریں</p><p><strong>Author:</strong> Abdul Haleem Sharar</p><p>Beautifully printed and bound edition published by Book Corner. Ideal for readers and collectors.</p>,Abdul Haleem Sharar,,Books,Novel,true,Title,Default Title,KW-ABD-0073,400,shopify,100,deny,manual,700,900,true,false,,https://media.bookcorner.shop/uploads/5f6220f9ca48c1600266489.jpg,1,Firdaus e Bareen,false,,,,,g,,,,,active
dosri-baraf-bari-say-pehle,Dosri Baraf Bari Say Pehle (3rd Edition),<p><strong>Book Title:</strong> Dosri Baraf Bari Say Pehle (3rd Edition)</p><p><strong>Urdu Title:</strong> دوسری برف باری سے پہلے</p><p><strong>Author:</strong> Krishan Chander</p><p>Beautifully printed and bound edition published by Book Corner. Ideal for readers and collectors.</p>,Krishan Chander,,Books,Novel,true,Title,Default Title,KW-KRI-0074,400,shopify,100,deny,manual,800,1000,true,false,,https://media.bookcorner.shop/uploads/64b6989cd24de1689688220.jpg,1,Dosri Baraf Bari Say Pehle (3rd Edition),false,,,,,g,,,,,active
woh-warq-tha-dil-ki-kitab-ka,Woh Warq Tha Dil Ki Kitab Ka,<p><strong>Book Title:</strong> Woh Warq Tha Dil Ki Kitab Ka</p><p><strong>Urdu Title:</strong> وہ ورق تھا دل کی کتاب کا</p><p><strong>Author:</strong> Muhammad Iqbal Diwan</p><p>Beautifully printed and bound edition published by Book Corner. Ideal for readers and collectors.</p>,Muhammad Iqbal Diwan,,Books,Novel,true,Title,Default Title,KW-MUH-0075,400,shopify,100,deny,manual,1500,1900,true,false,,https://media.bookcorner.shop/uploads/5f733b77ce2501601387383.jpg,1,Woh Warq Tha Dil Ki Kitab Ka,false,,,,,g,,,,,active
zorba-yunani,Zorba Yunani,<p><strong>Book Title:</strong> Zorba Yunani</p><p><strong>Urdu Title:</strong> زوربا یونانی</p><p><strong>Author:</strong> Nikos Kazantzakis</p><p>Beautifully printed and bound edition published by Book Corner. Ideal for readers and collectors.</p>,Nikos Kazantzakis,,Books,Novel,true,Title,Default Title,KW-NIK-0076,400,shopify,100,deny,manual,1500,1900,true,false,,https://media.bookcorner.shop/uploads/5f7b1ca309dd71601903779.jpg,1,Zorba Yunani,false,,,,,g,,,,,active
bhook-1,Bhook,<p><strong>Book Title:</strong> Bhook</p><p><strong>Urdu Title:</strong> بھوک</p><p><strong>Author:</strong> Knut Hamsun</p><p>Beautifully printed and bound edition published by Book Corner. Ideal for readers and collectors.</p>,Knut Hamsun,,Books,Novel,true,Title,Default Title,KW-KNU-0077,400,shopify,100,deny,manual,800,1000,true,false,,https://media.bookcorner.shop/uploads/5f892fdd67dd41602826205.jpg,1,Bhook,false,,,,,g,,,,,active
1984-Novel,1984 (Urdu),<p><strong>Book Title:</strong> 1984 (Urdu)</p><p><strong>Urdu Title:</strong> انیس سو چوراسی</p><p><strong>Author:</strong> George Orwell</p><p>Beautifully printed and bound edition published by Book Corner. Ideal for readers and collectors.</p>,George Orwell,,Books,Novel,true,Title,Default Title,KW-GEO-0078,400,shopify,100,deny,manual,1500,1900,true,false,,https://media.bookcorner.shop/uploads/67fcacfe0773c1744612606.jpg,1,1984 (Urdu),false,,,,,g,,,,,active
karamazof-bradaraan,Karamazof Bradaraan (3rd Edition),<p><strong>Book Title:</strong> Karamazof Bradaraan (3rd Edition)</p><p><strong>Urdu Title:</strong> کرامازوف برادران</p><p><strong>Author:</strong> Fyodor Dostoevsky</p><p>Beautifully printed and bound edition published by Book Corner. Ideal for readers and collectors.</p>,Fyodor Dostoevsky,,Books,Novel,true,Title,Default Title,KW-FYO-0079,400,shopify,100,deny,manual,4000,5000,true,false,,https://media.bookcorner.shop/uploads/68863a237df111753627171.jpg,1,Karamazof Bradaraan (3rd Edition),false,,,,,g,,,,,active
qabze-zaman,Qabz e Zaman,<p><strong>Book Title:</strong> Qabz e Zaman</p><p><strong>Urdu Title:</strong> قبض زماں</p><p><strong>Author:</strong> Shamsur Rahman Faruqi</p><p>Beautifully printed and bound edition published by Book Corner. Ideal for readers and collectors.</p>,Shamsur Rahman Faruqi,,Books,Novel,true,Title,Default Title,KW-SHA-0080,400,shopify,100,deny,manual,800,1000,true,false,,https://media.bookcorner.shop/uploads/5feda85ff3cb61609410655.jpg,1,Qabz e Zaman,false,,,,,g,,,,,active
bachon-kay-hali,Bachon kay Hali,<p><strong>Book Title:</strong> Bachon kay Hali</p><p><strong>Urdu Title:</strong> بچوں کے حالی</p><p><strong>Author:</strong> Altaf Hussain Hali</p><p>Beautifully printed and bound edition published by Book Corner. Ideal for readers and collectors.</p>,Altaf Hussain Hali,,Books,"Poetry, Children",true,Title,Default Title,KW-ALT-0081,400,shopify,100,deny,manual,300,400,true,false,,https://media.bookcorner.shop/uploads/5c4ed0955229e1548669077.jpg,1,Bachon kay Hali,false,,,,,g,,,,,active
bait-bazi-kalam-e-iqbal,Bait Bazi Kalam e Iqbal,<p><strong>Book Title:</strong> Bait Bazi Kalam e Iqbal</p><p><strong>Urdu Title:</strong> بیت بازی کلام اقبال</p><p><strong>Author:</strong> Dr. Haroon Rasheed Tabassum</p><p>Beautifully printed and bound edition published by Book Corner. Ideal for readers and collectors.</p>,Dr. Haroon Rasheed Tabassum,,Books,Poetry,true,Title,Default Title,KW-DR.-0082,400,shopify,100,deny,manual,700,900,true,false,,https://media.bookcorner.shop/uploads/5c4ed1c7485be1548669383.jpg,1,Bait Bazi Kalam e Iqbal,false,,,,,g,,,,,active
chan-da-sayk-thall-jagratay,Chan Da Sayk - Thall Jagratay,<p><strong>Book Title:</strong> Chan Da Sayk - Thall Jagratay</p><p><strong>Urdu Title:</strong> چھاں دا سیک-تھل جگراتے (سرائیکی شاعری)</p><p><strong>Author:</strong> Sabir Bhariyon</p><p>Beautifully printed and bound edition published by Book Corner. Ideal for readers and collectors.</p>,Sabir Bhariyon,,Books,Poetry,true,Title,Default Title,KW-SAB-0083,400,shopify,100,deny,manual,300,400,true,false,,https://media.bookcorner.shop/uploads/5c4ee72cc7c161548674860.jpg,1,Chan Da Sayk - Thall Jagratay,false,,,,,g,,,,,active
gulzar-nama,Gulzar Nama,<p><strong>Book Title:</strong> Gulzar Nama</p><p><strong>Urdu Title:</strong> گلزار نامہ</p><p><strong>Author:</strong> Iqbal Nazar</p><p>Beautifully printed and bound edition published by Book Corner. Ideal for readers and collectors.</p>,Iqbal Nazar,,Books,"Poetry, Short Stories",true,Title,Default Title,KW-IQB-0084,400,shopify,100,deny,manual,5000,6250,true,false,,https://media.bookcorner.shop/uploads/5c4ef9ce3d1f01548679630.jpg,1,Gulzar Nama,false,,,,,g,,,,,active
jagjit-singh-ghazlain-nazmain-geet,Jagjit Singh - Ghazlain Nazmain Geet,<p><strong>Book Title:</strong> Jagjit Singh - Ghazlain Nazmain Geet</p><p><strong>Urdu Title:</strong> جگجیت سنگھ - غزلیں، نظمیں، گیت</p><p><strong>Author:</strong> Gul Sher Butt</p><p>Beautifully printed and bound edition published by Book Corner. Ideal for readers and collectors.</p>,Gul Sher Butt,,Books,Poetry,true,Title,Default Title,KW-GUL-0085,400,shopify,100,deny,manual,600,750,true,false,,https://media.bookcorner.shop/uploads/5c726ca63b4091551002790.jpg,1,Jagjit Singh - Ghazlain Nazmain Geet,false,,,,,g,,,,,active
jheel-may-sitaray,Jheel May Sitaray (Deluxe),<p><strong>Book Title:</strong> Jheel May Sitaray (Deluxe)</p><p><strong>Urdu Title:</strong> جھیل میں ستارے (ڈیلکس)</p><p><strong>Author:</strong> Mukhtar Javed</p><p>Beautifully printed and bound edition published by Book Corner. Ideal for readers and collectors.</p>,Mukhtar Javed,,Books,Poetry,true,Title,Default Title,KW-MUK-0086,400,shopify,100,deny,manual,300,400,true,false,,https://media.bookcorner.shop/uploads/5e7f11f059f8d1585385968.jpg,1,Jheel May Sitaray (Deluxe),false,,,,,g,,,,,active
khawabshar,Khawabshar,<p><strong>Book Title:</strong> Khawabshar</p><p><strong>Urdu Title:</strong> خوابشار</p><p><strong>Author:</strong> Shahzad Nayyar</p><p>Beautifully printed and bound edition published by Book Corner. Ideal for readers and collectors.</p>,Shahzad Nayyar,,Books,Poetry,true,Title,Default Title,KW-SHA-0087,400,shopify,100,deny,manual,500,600,true,false,,https://media.bookcorner.shop/uploads/5c4eeb1066c651548675856.jpg,1,Khawabshar,false,,,,,g,,,,,active
kulyat-e-hali,Kulyat e Hali,<p><strong>Book Title:</strong> Kulyat e Hali</p><p><strong>Urdu Title:</strong> کلیات حالی</p><p><strong>Author:</strong> Altaf Hussain Hali</p><p>Beautifully printed and bound edition published by Book Corner. Ideal for readers and collectors.</p>,Altaf Hussain Hali,,Books,Poetry,true,Title,Default Title,KW-ALT-0088,400,shopify,100,deny,manual,2500,3100,true,false,,https://media.bookcorner.shop/uploads/5e0896ecee4061577621228.jpg,1,Kulyat e Hali,false,,,,,g,,,,,active
kulyat-e-iqbal,Kulyat e Iqbal,<p><strong>Book Title:</strong> Kulyat e Iqbal</p><p><strong>Urdu Title:</strong> کلیات اقبال</p><p><strong>Author:</strong> Allama Muhammad Iqbal</p><p>Beautifully printed and bound edition published by Book Corner. Ideal for readers and collectors.</p>,Allama Muhammad Iqbal,,Books,Poetry,true,Title,Default Title,KW-ALL-0089,400,shopify,100,deny,manual,1250,1550,true,false,,https://media.bookcorner.shop/uploads/618ba0067373f1636540422.jpg,1,Kulyat e Iqbal,false,,,,,g,,,,,active
kulyat-e-iqbal-urdu,Kulyat e Iqbal (Delux),<p><strong>Book Title:</strong> Kulyat e Iqbal (Delux)</p><p><strong>Urdu Title:</strong> کلیات اقبال (ڈیلکس)</p><p><strong>Author:</strong> Allama Muhammad Iqbal</p><p>Beautifully printed and bound edition published by Book Corner. Ideal for readers and collectors.</p>,Allama Muhammad Iqbal,,Books,Poetry,true,Title,Default Title,KW-ALL-0090,400,shopify,100,deny,manual,2000,2500,true,false,,https://media.bookcorner.shop/uploads/121.jpg,1,Kulyat e Iqbal (Delux),false,,,,,g,,,,,active
kulyat-najma-mansoor,Kulyat Najma Mansoor,<p><strong>Book Title:</strong> Kulyat Najma Mansoor</p><p><strong>Urdu Title:</strong> کلیات نجمہ منصور</p><p><strong>Author:</strong> Najma Mansoor</p><p>Beautifully printed and bound edition published by Book Corner. Ideal for readers and collectors.</p>,Najma Mansoor,,Books,Poetry,true,Title,Default Title,KW-NAJ-0091,400,shopify,100,deny,manual,800,1000,true,false,,https://media.bookcorner.shop/uploads/5e0897b0eff161577621424.jpg,1,Kulyat Najma Mansoor,false,,,,,g,,,,,active
lafz-khurdary,Lafz Khurdary,<p><strong>Book Title:</strong> Lafz Khurdary</p><p><strong>Urdu Title:</strong> لفظ کھردرے</p><p><strong>Author:</strong> Tanveer Sipra</p><p>Beautifully printed and bound edition published by Book Corner. Ideal for readers and collectors.</p>,Tanveer Sipra,,Books,Poetry,true,Title,Default Title,KW-TAN-0092,400,shopify,100,deny,manual,1250,1550,true,false,,https://media.bookcorner.shop/uploads/5e089801a9cd11577621505.jpg,1,Lafz Khurdary,false,,,,,g,,,,,active
lazim-hai-jnaun-ho-ga,Lazim Hai Jnaun Ho Ga,<p><strong>Book Title:</strong> Lazim Hai Jnaun Ho Ga</p><p><strong>Urdu Title:</strong> لازم ہے جنوں ہو گا</p><p><strong>Author:</strong> Gohar Ilyas Jalali</p><p>Beautifully printed and bound edition published by Book Corner. Ideal for readers and collectors.</p>,Gohar Ilyas Jalali,,Books,Poetry,true,Title,Default Title,KW-GOH-0093,400,shopify,100,deny,manual,300,400,true,false,,https://media.bookcorner.shop/uploads/5c52ddcdec8f81548934605.jpg,1,Lazim Hai Jnaun Ho Ga,false,,,,,g,,,,,active
mawazna-anees-o-dabeer,Mawazna Anees o Dabeer,<p><strong>Book Title:</strong> Mawazna Anees o Dabeer</p><p><strong>Urdu Title:</strong> موازنہ انیس و دبیر</p><p><strong>Author:</strong> Allama Shibli Nomani</p><p>Beautifully printed and bound edition published by Book Corner. Ideal for readers and collectors.</p>,Allama Shibli Nomani,,Books,Poetry,true,Title,Default Title,KW-ALL-0094,400,shopify,100,deny,manual,480,600,true,false,,https://media.bookcorner.shop/uploads/139.jpg,1,Mawazna Anees o Dabeer,false,,,,,g,,,,,active
mazah-e-mohabbat,Mazah e Mohabbat,<p><strong>Book Title:</strong> Mazah e Mohabbat</p><p><strong>Urdu Title:</strong> مزاح محبت (طنزیہ و مزاحیہ شاعری)</p><p><strong>Author:</strong> Muhammad Idrees Qureshi</p><p>Beautifully printed and bound edition published by Book Corner. Ideal for readers and collectors.</p>,Muhammad Idrees Qureshi,,Books,Poetry,true,Title,Default Title,KW-MUH-0095,400,shopify,100,deny,manual,300,400,true,false,,https://media.bookcorner.shop/uploads/141.jpg,1,Mazah e Mohabbat,false,,,,,g,,,,,active
musaddas-e-hali,Musadas e Hali,<p><strong>Book Title:</strong> Musadas e Hali</p><p><strong>Urdu Title:</strong> مسدس حالی</p><p><strong>Author:</strong> Altaf Hussain Hali</p><p>Beautifully printed and bound edition published by Book Corner. Ideal for readers and collectors.</p>,Altaf Hussain Hali,,Books,Poetry,true,Title,Default Title,KW-ALT-0096,400,shopify,100,deny,manual,600,750,true,false,,https://media.bookcorner.shop/uploads/607a678af257b1618634634.jpg,1,Musadas e Hali,false,,,,,g,,,,,active
amad-ud-din-zangi,Amad ud Din Zangi,<p><strong>Book Title:</strong> Amad ud Din Zangi</p><p><strong>Urdu Title:</strong> عماد الدین زنگی</p><p><strong>Author:</strong> Sadiq Hussain Siddiqui</p><p>Beautifully printed and bound edition published by Book Corner. Ideal for readers and collectors.</p>,Sadiq Hussain Siddiqui,,Books,"History, Fiqh, Biography",true,Title,Default Title,KW-SAD-0097,400,shopify,100,deny,manual,1250,1550,true,false,,https://media.bookcorner.shop/uploads/643641d0b660d1681277392.jpg,1,Amad ud Din Zangi,false,,,,,g,,,,,active
amir-temur,Amir Temur: Jiss Ne Dunya Hila Dali,<p><strong>Book Title:</strong> Amir Temur: Jiss Ne Dunya Hila Dali</p><p><strong>Urdu Title:</strong> امیر تیمور، جس نے دنیا ہلا ڈالی</p><p><strong>Author:</strong> Harold Lamb</p><p>Beautifully printed and bound edition published by Book Corner. Ideal for readers and collectors.</p>,Harold Lamb,,Books,"History, Fiqh, Biography, Translations",true,Title,Default Title,KW-HAR-0098,400,shopify,100,deny,manual,1250,1550,true,false,,https://media.bookcorner.shop/uploads/628f80a65a84c1653571750.jpg,1,Amir Temur: Jiss Ne Dunya Hila Dali,false,,,,,g,,,,,active
baba-guru-nanak,Baba Guru Nanak,<p><strong>Book Title:</strong> Baba Guru Nanak</p><p><strong>Urdu Title:</strong> بابا گرو نانک</p><p><strong>Author:</strong> Prof. Hameedullah Shah Hashmi</p><p>Beautifully printed and bound edition published by Book Corner. Ideal for readers and collectors.</p>,Prof. Hameedullah Shah Hashmi,,Books,"History, Biography",true,Title,Default Title,KW-PRO-0099,400,shopify,100,deny,manual,1500,1900,true,false,,https://media.bookcorner.shop/uploads/5c4ed01a8c3721548668954.jpg,1,Baba Guru Nanak,false,,,,,g,,,,,active
babar-the-tiger,Babar The Tiger,<p><strong>Book Title:</strong> Babar The Tiger</p><p><strong>Urdu Title:</strong> بابر دی ٹائیگر</p><p><strong>Author:</strong> Harold Lamb</p><p>Beautifully printed and bound edition published by Book Corner. Ideal for readers and collectors.</p>,Harold Lamb,,Books,"History, Biography, Translations",true,Title,Default Title,KW-HAR-0100,400,shopify,100,deny,manual,1250,1550,true,false,,https://media.bookcorner.shop/uploads/5c4ed03e833c31548668990.jpg,1,Babar The Tiger,false,,,,,g,,,,,active
bahadur-shah-zafar,Bahadur Shah Zafar,<p><strong>Book Title:</strong> Bahadur Shah Zafar</p><p><strong>Urdu Title:</strong> بہادر شاہ ظفر</p><p><strong>Author:</strong> Aslam Parvez</p><p>Beautifully printed and bound edition published by Book Corner. Ideal for readers and collectors.</p>,Aslam Parvez,,Books,"History, Biography",true,Title,Default Title,KW-ASL-0101,400,shopify,100,deny,manual,1500,1900,true,false,,https://media.bookcorner.shop/uploads/5c4ed14c8ab181548669260.jpg,1,Bahadur Shah Zafar,false,,,,,g,,,,,active
chengez-khan,Chengez Khan,<p><strong>Book Title:</strong> Chengez Khan</p><p><strong>Urdu Title:</strong> چنگیز خان</p><p><strong>Author:</strong> Harold Lamb</p><p>Beautifully printed and bound edition published by Book Corner. Ideal for readers and collectors.</p>,Harold Lamb,,Books,"History, Biography, Translations",true,Title,Default Title,KW-HAR-0102,400,shopify,100,deny,manual,950,1200,true,false,,https://media.bookcorner.shop/uploads/5ccd8b8cad5b11556974476.jpg,1,Chengez Khan,false,,,,,g,,,,,active
dunia-kay-baray-mazahib,Dunia Kay Baray Mazahib,<p><strong>Book Title:</strong> Dunia Kay Baray Mazahib</p><p><strong>Urdu Title:</strong> دنیا کے بڑے مذاہب</p><p><strong>Author:</strong> Amadul Hassan Azad Farooqi</p><p>Beautifully printed and bound edition published by Book Corner. Ideal for readers and collectors.</p>,Amadul Hassan Azad Farooqi,,Books,History,true,Title,Default Title,KW-AMA-0103,400,shopify,100,deny,manual,800,1000,true,false,,https://media.bookcorner.shop/uploads/35.jpg,1,Dunia Kay Baray Mazahib,false,,,,,g,,,,,active
ghazi-ilm-din-shaheed,Ghazi ilm Din Shaheed,<p><strong>Book Title:</strong> Ghazi ilm Din Shaheed</p><p><strong>Urdu Title:</strong> غازی علم الدین شہید</p><p><strong>Author:</strong> Abdul Rasheed Iraqi</p><p>Beautifully printed and bound edition published by Book Corner. Ideal for readers and collectors.</p>,Abdul Rasheed Iraqi,,Books,"History, Islam, Biography",true,Title,Default Title,KW-ABD-0104,400,shopify,100,deny,manual,800,1000,true,false,,https://media.bookcorner.shop/uploads/5e08b4c79a0981577628871.jpg,1,Ghazi ilm Din Shaheed,false,,,,,g,,,,,active
guftar-o-kirdar-quaid-e-azam,Guftar o Kirdar Quaid e Azam,<p><strong>Book Title:</strong> Guftar o Kirdar Quaid e Azam</p><p><strong>Urdu Title:</strong> گفتار و کردار قائد اعظم</p><p><strong>Author:</strong> Prof. Saeed Rashid Alig</p><p>Beautifully printed and bound edition published by Book Corner. Ideal for readers and collectors.</p>,Prof. Saeed Rashid Alig,,Books,"History, Biography",true,Title,Default Title,KW-PRO-0105,400,shopify,100,deny,manual,700,900,true,false,,https://media.bookcorner.shop/uploads/5e087dc6cafc81577614790.jpg,1,Guftar o Kirdar Quaid e Azam,false,,,,,g,,,,,active
haider-ali,Haider Ali,<p><strong>Book Title:</strong> Haider Ali</p><p><strong>Urdu Title:</strong> حیدر علی</p><p><strong>Author:</strong> Prof. Narendra Krishna Sinha</p><p>Beautifully printed and bound edition published by Book Corner. Ideal for readers and collectors.</p>,Prof. Narendra Krishna Sinha,,Books,"History, Biography, Translations",true,Title,Default Title,KW-PRO-0106,400,shopify,100,deny,manual,1200,1500,true,false,,https://media.bookcorner.shop/uploads/5caaf820037b71554708512.jpg,1,Haider Ali,false,,,,,g,,,,,active
hamaray-edhi-sb,Hamaray Edhi Sb,<p><strong>Book Title:</strong> Hamaray Edhi Sb</p><p><strong>Urdu Title:</strong> ہمارے ایدھی صاحب</p><p><strong>Author:</strong> Dr. Haroon Rasheed Tabassum</p><p>Beautifully printed and bound edition published by Book Corner. Ideal for readers and collectors.</p>,Dr. Haroon Rasheed Tabassum,,Books,"History, Biography",true,Title,Default Title,KW-DR.-0107,400,shopify,100,deny,manual,600,750,true,false,,https://media.bookcorner.shop/uploads/5c51936c2d2701548850028.jpg,1,Hamaray Edhi Sb,false,,,,,g,,,,,active
hayat-e-imam-shafi,Hayat e Imam Shafi,<p><strong>Book Title:</strong> Hayat e Imam Shafi</p><p><strong>Urdu Title:</strong> حیاتِ امام شافعی</p><p><strong>Author:</strong> Kamran Azam Sohdaharvi</p><p>Beautifully printed and bound edition published by Book Corner. Ideal for readers and collectors.</p>,Kamran Azam Sohdaharvi,,Books,"History, Biography",true,Title,Default Title,KW-KAM-0108,400,shopify,100,deny,manual,950,1200,true,false,,https://media.bookcorner.shop/uploads/70.jpg,1,Hayat e Imam Shafi,false,,,,,g,,,,,active
hayat-e-quaid-e-azam,Hayat e Quaid e Azam,<p><strong>Book Title:</strong> Hayat e Quaid e Azam</p><p><strong>Urdu Title:</strong> حیات قائد اعظم</p><p><strong>Author:</strong> Prof. Saeed Rashid Alig</p><p>Beautifully printed and bound edition published by Book Corner. Ideal for readers and collectors.</p>,Prof. Saeed Rashid Alig,,Books,"History, Biography",true,Title,Default Title,KW-PRO-0109,400,shopify,100,deny,manual,480,600,true,false,,https://media.bookcorner.shop/uploads/6107873bdba4a1627883323.jpg,1,Hayat e Quaid e Azam,false,,,,,g,,,,,active
hayat-hazrat-ibrahim-as,Hayat Hazrat Ibrahim A.S,<p><strong>Book Title:</strong> Hayat Hazrat Ibrahim A.S</p><p><strong>Urdu Title:</strong> حیات حضرت ابراہیم</p><p><strong>Author:</strong> Dr. Muhammad Razi ul Islam Nadvi</p><p>Beautifully printed and bound edition published by Book Corner. Ideal for readers and collectors.</p>,Dr. Muhammad Razi ul Islam Nadvi,,Books,"History, Biography",true,Title,Default Title,KW-DR.-0110,400,shopify,100,deny,manual,700,900,true,false,,https://media.bookcorner.shop/uploads/74.jpg,1,Hayat Hazrat Ibrahim A.S,false,,,,,g,,,,,active
hayat-hazrat-khizar-as,Hayat Hazrat Khizar A.S,<p><strong>Book Title:</strong> Hayat Hazrat Khizar A.S</p><p><strong>Urdu Title:</strong> حیات حضرت خضر</p><p><strong>Author:</strong> Hafiz ibn e Hajar Asqalani</p><p>Beautifully printed and bound edition published by Book Corner. Ideal for readers and collectors.</p>,Hafiz ibn e Hajar Asqalani,,Books,"History, Biography",true,Title,Default Title,KW-HAF-0111,400,shopify,100,deny,manual,950,1200,true,false,,https://media.bookcorner.shop/uploads/69.jpg,1,Hayat Hazrat Khizar A.S,false,,,,,g,,,,,active
hayat-hazrat-zulqarnain-aur-yajooj-majooj,Hayat Hazrat Zulqarnain aur Yajooj Majooj,<p><strong>Book Title:</strong> Hayat Hazrat Zulqarnain aur Yajooj Majooj</p><p><strong>Urdu Title:</strong> حیات حضرت ذوالقرنین اور یاجوج ماجوج</p><p><strong>Author:</strong> Naveed Ahmed Rabbani</p><p>Beautifully printed and bound edition published by Book Corner. Ideal for readers and collectors.</p>,Naveed Ahmed Rabbani,,Books,"History, Biography",true,Title,Default Title,KW-NAV-0112,400,shopify,100,deny,manual,1500,1900,true,false,,https://media.bookcorner.shop/uploads/83.jpg,1,Hayat Hazrat Zulqarnain aur Yajooj Majooj,false,,,,,g,,,,,active
hazrat-abu-bakar-siddique-ra,Hazrat Abu Bakar Siddique R.A,<p><strong>Book Title:</strong> Hazrat Abu Bakar Siddique R.A</p><p><strong>Urdu Title:</strong> حضرت ابوبکر صدیق</p><p><strong>Author:</strong> Muhammad Hussain Haykel</p><p>Beautifully printed and bound edition published by Book Corner. Ideal for readers and collectors.</p>,Muhammad Hussain Haykel,,Books,"History, Biography, Translations",true,Title,Default Title,KW-MUH-0113,400,shopify,100,deny,manual,1500,1900,true,false,,https://media.bookcorner.shop/uploads/5c5194a3d93fc1548850339.jpg,1,Hazrat Abu Bakar Siddique R.A,false,,,,,g,,,,,active
hazrat-ali-al-murtaza,Hazrat Ali Al Murtaza R.A,<p><strong>Book Title:</strong> Hazrat Ali Al Murtaza R.A</p><p><strong>Urdu Title:</strong> حضرت علی المرتضیٰ</p><p><strong>Author:</strong> Dr. Taha Hussain Misri</p><p>Beautifully printed and bound edition published by Book Corner. Ideal for readers and collectors.</p>,Dr. Taha Hussain Misri,,Books,"History, Translations",true,Title,Default Title,KW-DR.-0114,400,shopify,100,deny,manual,1500,1900,true,false,,https://media.bookcorner.shop/uploads/5c5194e48827e1548850404.jpg,1,Hazrat Ali Al Murtaza R.A,false,,,,,g,,,,,active
100-mashhoor-natain,100 Mashhoor Natain,<p><strong>Book Title:</strong> 100 Mashhoor Natain</p><p><strong>Urdu Title:</strong> 100مشہور نعتیں</p><p><strong>Author:</strong> Syed Zeeshan Nizami</p><p>Beautifully printed and bound edition published by Book Corner. Ideal for readers and collectors.</p>,Syed Zeeshan Nizami,,Books,"Islam, Fiqh",true,Title,Default Title,KW-SYE-0115,400,shopify,100,deny,manual,250,300,true,false,,https://media.bookcorner.shop/uploads/2.jpg,1,100 Mashhoor Natain,false,,,,,g,,,,,active
allah-kay-wali,Allah Kay Wali,<p><strong>Book Title:</strong> Allah Kay Wali</p><p><strong>Urdu Title:</strong> اللہ کے ولی</p><p><strong>Author:</strong> Ghaus Siwani</p><p>Beautifully printed and bound edition published by Book Corner. Ideal for readers and collectors.</p>,Ghaus Siwani,,Books,"Islam, Tasawuf, Fiqh",true,Title,Default Title,KW-GHA-0116,400,shopify,100,deny,manual,480,600,true,false,,https://media.bookcorner.shop/uploads/5c519325d06181548849957.jpg,1,Allah Kay Wali,false,,,,,g,,,,,active
al-shifa,Al Shifa,<p><strong>Book Title:</strong> Al Shifa</p><p><strong>Author:</strong> Al Qadi Iyad Al Yahsubi Andlusi</p><p>Beautifully printed and bound edition published by Book Corner. Ideal for readers and collectors.</p>,Al Qadi Iyad Al Yahsubi Andlusi,,Books,"Islam, Seerat un Nabi, Fiqh",true,Title,Default Title,KW-AL -0117,400,shopify,100,deny,manual,1500,1900,true,false,,https://media.bookcorner.shop/uploads/5c519bf4d3e3a1548852212.jpg,1,Al Shifa,false,,,,,g,,,,,active
amliyat-e-imam-ghazali,Amliyat e Imam Ghazali,<p><strong>Book Title:</strong> Amliyat e Imam Ghazali</p><p><strong>Urdu Title:</strong> عملیات امام غزالی</p><p><strong>Author:</strong> Hazrat Imam Ghazali</p><p>Beautifully printed and bound edition published by Book Corner. Ideal for readers and collectors.</p>,Hazrat Imam Ghazali,,Books,"Islam, Fiqh",true,Title,Default Title,KW-HAZ-0118,400,shopify,100,deny,manual,300,400,true,false,,https://media.bookcorner.shop/uploads/250.jpg,1,Amliyat e Imam Ghazali,false,,,,,g,,,,,active
aqwal-e-ali-delux,Aqwal e Ali ka Encyclopedia (Deluxe),<p><strong>Book Title:</strong> Aqwal e Ali ka Encyclopedia (Deluxe)</p><p><strong>Urdu Title:</strong> اقوال علی کا انسائیکلوپیڈیا (ڈیلکس)</p><p><strong>Author:</strong> Muhammad Maghfoor ul Haq</p><p>Beautifully printed and bound edition published by Book Corner. Ideal for readers and collectors.</p>,Muhammad Maghfoor ul Haq,,Books,"Islam, Fiqh",true,Title,Default Title,KW-MUH-0119,400,shopify,100,deny,manual,2500,3100,true,false,,https://media.bookcorner.shop/uploads/5de35da8b5c4d1575181736.jpg,1,Aqwal e Ali ka Encyclopedia (Deluxe),false,,,,,g,,,,,active
asan-arabi-grammer,Asan Arabi Grammer,<p><strong>Book Title:</strong> Asan Arabi Grammer</p><p><strong>Urdu Title:</strong> آسان عربی گریمر</p><p><strong>Author:</strong> Lutuf ur Rehman Khan</p><p>Beautifully printed and bound edition published by Book Corner. Ideal for readers and collectors.</p>,Lutuf ur Rehman Khan,,Books,"Islam, Fiqh",true,Title,Default Title,KW-LUT-0120,400,shopify,100,deny,manual,700,900,true,false,,https://media.bookcorner.shop/uploads/5c572792336e31549215634.jpg,1,Asan Arabi Grammer,false,,,,,g,,,,,active
bara-mah-ki-nafli-ibadat,Bara Mah ki Nafli Ibadat,<p><strong>Book Title:</strong> Bara Mah ki Nafli Ibadat</p><p><strong>Urdu Title:</strong> بارہ ماہ کی نفلی عبادات</p><p><strong>Author:</strong> Syed Zeeshan Nizami</p><p>Beautifully printed and bound edition published by Book Corner. Ideal for readers and collectors.</p>,Syed Zeeshan Nizami,,Books,Islam,true,Title,Default Title,KW-SYE-0121,400,shopify,100,deny,manual,600,750,true,false,,https://media.bookcorner.shop/uploads/20.jpg,1,Bara Mah ki Nafli Ibadat,false,,,,,g,,,,,active
dam-dua-aur-dawa-say-masnoon-elaj-premium-quality,"Dam, Dua aur Dawa Say Masnoon Elaj","<p><strong>Book Title:</strong> Dam, Dua aur Dawa Say Masnoon Elaj</p><p><strong>Urdu Title:</strong> دم، دعا اور دوا سے مسنون علاج</p><p><strong>Author:</strong> Abu Imama</p><p>Beautifully printed and bound edition published by Book Corner. Ideal for readers and collectors.</p>",Abu Imama,,Books,Islam,true,Title,Default Title,KW-ABU-0122,400,shopify,100,deny,manual,900,1100,true,false,,https://media.bookcorner.shop/uploads/27.jpg,1,"Dam, Dua aur Dawa Say Masnoon Elaj",false,,,,,g,,,,,active
darood-o-salam-ka-maqbool-wazeefa,Darood o Salam ka Maqbool Wazeefa,<p><strong>Book Title:</strong> Darood o Salam ka Maqbool Wazeefa</p><p><strong>Urdu Title:</strong> درود و سلام کا مقبول وظیفہ(آفسٹ)</p><p><strong>Author:</strong> Unknown Author</p><p>Beautifully printed and bound edition published by Book Corner. Ideal for readers and collectors.</p>,Unknown Author,,Books,Islam,true,Title,Default Title,KW-UNK-0123,400,shopify,100,deny,manual,300,400,true,false,,https://media.bookcorner.shop/uploads/259.jpg,1,Darood o Salam ka Maqbool Wazeefa,false,,,,,g,,,,,active
darood-o-salam-ka-maqbool-wazeefa-premium-quality,Darood o Salam ka Maqbool Wazeefa (Premium Quality),<p><strong>Book Title:</strong> Darood o Salam ka Maqbool Wazeefa (Premium Quality)</p><p><strong>Urdu Title:</strong> درود و سلام کا مقبول وظیفہ</p><p><strong>Author:</strong> Unknown Author</p><p>Beautifully printed and bound edition published by Book Corner. Ideal for readers and collectors.</p>,Unknown Author,,Books,Islam,true,Title,Default Title,KW-UNK-0124,400,shopify,100,deny,manual,400,500,true,false,,https://media.bookcorner.shop/uploads/260.jpg,1,Darood o Salam ka Maqbool Wazeefa (Premium Quality),false,,,,,g,,,,,active
darood-sharif-kay-herat-angez-waqiat,Darood Sharif kay Herat Angez Waqiat,<p><strong>Book Title:</strong> Darood Sharif kay Herat Angez Waqiat</p><p><strong>Urdu Title:</strong> درود شریف کے حیرت انگیز واقعات</p><p><strong>Author:</strong> Raja Muhammad Ameen Advocate</p><p>Beautifully printed and bound edition published by Book Corner. Ideal for readers and collectors.</p>,Raja Muhammad Ameen Advocate,,Books,Islam,true,Title,Default Title,KW-RAJ-0125,400,shopify,100,deny,manual,380,500,true,false,,https://media.bookcorner.shop/uploads/610ea122d8c5f1628348706.jpg,1,Darood Sharif kay Herat Angez Waqiat,false,,,,,g,,,,,active
darood-sharif-say-mushkilat-ka-hall,Darood Sharif Say Mushkilat ka Hall,<p><strong>Book Title:</strong> Darood Sharif Say Mushkilat ka Hall</p><p><strong>Urdu Title:</strong> درودشریف سے مشکلات کا حل</p><p><strong>Author:</strong> Syed Zeeshan Nizami</p><p>Beautifully printed and bound edition published by Book Corner. Ideal for readers and collectors.</p>,Syed Zeeshan Nizami,,Books,Islam,true,Title,Default Title,KW-SYE-0126,400,shopify,100,deny,manual,495,600,true,false,,https://media.bookcorner.shop/uploads/261.jpg,1,Darood Sharif Say Mushkilat ka Hall,false,,,,,g,,,,,active
dr-zakir-naik-kay-faisla-kun-munazray,Dr. Zakir Naik Kay Faisla kun Munazray,<p><strong>Book Title:</strong> Dr. Zakir Naik Kay Faisla kun Munazray</p><p><strong>Urdu Title:</strong> ڈاکٹر ذاکر نائیک کے فیصلہ کن مناظرے</p><p><strong>Author:</strong> Dr. Zakir Naik</p><p>Beautifully printed and bound edition published by Book Corner. Ideal for readers and collectors.</p>,Dr. Zakir Naik,,Books,Islam,true,Title,Default Title,KW-DR.-0127,400,shopify,100,deny,manual,600,750,true,false,,https://media.bookcorner.shop/uploads/66f7e19ad4df11727521178.jpg,1,Dr. Zakir Naik Kay Faisla kun Munazray,false,,,,,g,,,,,active
dua-e-suryani,Dua e Suryani,<p><strong>Book Title:</strong> Dua e Suryani</p><p><strong>Urdu Title:</strong> دعائے سریانی</p><p><strong>Author:</strong> Unknown Author</p><p>Beautifully printed and bound edition published by Book Corner. Ideal for readers and collectors.</p>,Unknown Author,,Books,Islam,true,Title,Default Title,KW-UNK-0128,400,shopify,100,deny,manual,90,100,true,false,,,1,Dua e Suryani,false,,,,,g,,,,,active
qadeem-ahadees,Duniya ka Sab Se Qadeem Majmua Ahadees (3rd Edition),<p><strong>Book Title:</strong> Duniya ka Sab Se Qadeem Majmua Ahadees (3rd Edition)</p><p><strong>Urdu Title:</strong> دنیا کا سب سے قدیم مجموعہ احادیث</p><p><strong>Author:</strong> Hammam Bin Munabbih</p><p>Beautifully printed and bound edition published by Book Corner. Ideal for readers and collectors.</p>,Hammam Bin Munabbih,,Books,"Islam, Hadith",true,Title,Default Title,KW-HAM-0129,400,shopify,100,deny,manual,900,1100,true,false,,https://media.bookcorner.shop/uploads/641e90eb678d71679724779.jpg,1,Duniya ka Sab Se Qadeem Majmua Ahadees (3rd Edition),false,,,,,g,,,,,active
dunia-o-akhrat-ki-bhalai-ki-duain,Dunia o Akhrat ki Bhalai ki Duain,<p><strong>Book Title:</strong> Dunia o Akhrat ki Bhalai ki Duain</p><p><strong>Urdu Title:</strong> دنیا و آخرت کی بھلائی کی دعائیں</p><p><strong>Author:</strong> Syed Zeeshan Nizami</p><p>Beautifully printed and bound edition published by Book Corner. Ideal for readers and collectors.</p>,Syed Zeeshan Nizami,,Books,Islam,true,Title,Default Title,KW-SYE-0130,400,shopify,100,deny,manual,800,1000,true,false,,https://media.bookcorner.shop/uploads/38.jpg,1,Dunia o Akhrat ki Bhalai ki Duain,false,,,,,g,,,,,active
dunyavi-preshaniyon-ka-rohani-elaj,Dunyavi Preshaniyon ka Rohani Elaj,<p><strong>Book Title:</strong> Dunyavi Preshaniyon ka Rohani Elaj</p><p><strong>Urdu Title:</strong> دنیاوی پریشانیوں کا روحانی علاج</p><p><strong>Author:</strong> Syed Zeeshan Nizami</p><p>Beautifully printed and bound edition published by Book Corner. Ideal for readers and collectors.</p>,Syed Zeeshan Nizami,,Books,Islam,true,Title,Default Title,KW-SYE-0131,400,shopify,100,deny,manual,600,750,true,false,,https://media.bookcorner.shop/uploads/5e7f1416c1f391585386518.jpg,1,Dunyavi Preshaniyon ka Rohani Elaj,false,,,,,g,,,,,active
fazail-o-barkat-drood-o-salam,Fazail o Barkat Drood o Salam (Delux),<p><strong>Book Title:</strong> Fazail o Barkat Drood o Salam (Delux)</p><p><strong>Urdu Title:</strong> فضائل و برکات درود و سلام (ڈیلکس)</p><p><strong>Author:</strong> Molana Muhammad Hanif Raza Naqshbandi</p><p>Beautifully printed and bound edition published by Book Corner. Ideal for readers and collectors.</p>,Molana Muhammad Hanif Raza Naqshbandi,,Books,Islam,true,Title,Default Title,KW-MOL-0132,400,shopify,100,deny,manual,900,1100,true,false,,https://media.bookcorner.shop/uploads/610ea2b6d7af71628349110.jpg,1,Fazail o Barkat Drood o Salam (Delux),false,,,,,g,,,,,active
fiqri-majmua-wazaif,Fiqri Majmua Wazaif,<p><strong>Book Title:</strong> Fiqri Majmua Wazaif</p><p><strong>Urdu Title:</strong> فقری مجموعہ وظائف</p><p><strong>Author:</strong> Allama Alam Fiqri</p><p>Beautifully printed and bound edition published by Book Corner. Ideal for readers and collectors.</p>,Allama Alam Fiqri,,Books,Islam,true,Title,Default Title,KW-ALL-0133,400,shopify,100,deny,manual,1000,1250,true,false,,https://media.bookcorner.shop/uploads/49.jpg,1,Fiqri Majmua Wazaif,false,,,,,g,,,,,active
panj-surah-jumbo-size,Panj Surah (Jumbo Size),<p><strong>Book Title:</strong> Panj Surah (Jumbo Size)</p><p><strong>Urdu Title:</strong> پنج سورۃ (چوب قلم، جمبو سائز)</p><p><strong>Author:</strong> Unknown Author</p><p>Beautifully printed and bound edition published by Book Corner. Ideal for readers and collectors.</p>,Unknown Author,,Books,Holy Quran,true,Title,Default Title,KW-UNK-0134,400,shopify,100,deny,manual,350,450,true,false,,https://media.bookcorner.shop/uploads/5f4b43a90d5161598768041.jpg,1,Panj Surah (Jumbo Size),false,,,,,g,,,,,active
surat-yaseen-perfume-color-tajweed,Surat Yaseen (Perfume & Color Tajweed) # Y-1,<p><strong>Book Title:</strong> Surat Yaseen (Perfume & Color Tajweed) # Y-1</p><p><strong>Urdu Title:</strong> سورۃ یسین (رنگین تجویدی، خوشبو کے ساتھ) Y-1</p><p><strong>Author:</strong> Unknown Author</p><p>Beautifully printed and bound edition published by Book Corner. Ideal for readers and collectors.</p>,Unknown Author,,Books,Holy Quran,true,Title,Default Title,KW-UNK-0135,400,shopify,100,deny,manual,400,500,true,false,,https://media.bookcorner.shop/uploads/200.jpg,1,Surat Yaseen (Perfume & Color Tajweed) # Y-1,false,,,,,g,,,,,active
surat-yaseen-large-with-trans,Surat Yaseen (Trans) # A-1,<p><strong>Book Title:</strong> Surat Yaseen (Trans) # A-1</p><p><strong>Urdu Title:</strong> سورۃ یسین (مترجم) حوالہ نمبر A-1</p><p><strong>Author:</strong> Unknown Author</p><p>Beautifully printed and bound edition published by Book Corner. Ideal for readers and collectors.</p>,Unknown Author,,Books,Holy Quran,true,Title,Default Title,KW-UNK-0136,400,shopify,100,deny,manual,125,150,true,false,,https://media.bookcorner.shop/uploads/610e9aba195641628347066.jpg,1,Surat Yaseen (Trans) # A-1,false,,,,,g,,,,,active
surat-yaseen-large,Surat Yaseen (Large) # Y-2,<p><strong>Book Title:</strong> Surat Yaseen (Large) # Y-2</p><p><strong>Urdu Title:</strong> سورۃ یسین (بڑا سائز) حوالہ نمبر Y-2</p><p><strong>Author:</strong> Unknown Author</p><p>Beautifully printed and bound edition published by Book Corner. Ideal for readers and collectors.</p>,Unknown Author,,Books,Holy Quran,true,Title,Default Title,KW-UNK-0137,400,shopify,100,deny,manual,100,100,true,false,,https://media.bookcorner.shop/uploads/610e9b273b4ca1628347175.jpg,1,Surat Yaseen (Large) # Y-2,false,,,,,g,,,,,active
12-surah-deluxe,12 Surah (Deluxe),<p><strong>Book Title:</strong> 12 Surah (Deluxe)</p><p><strong>Urdu Title:</strong> بارہ سورۃ مترجم (ڈیلکس)</p><p><strong>Author:</strong> Unknown Author</p><p>Beautifully printed and bound edition published by Book Corner. Ideal for readers and collectors.</p>,Unknown Author,,Books,Holy Quran,true,Title,Default Title,KW-UNK-0138,400,shopify,100,deny,manual,1000,1250,true,false,,https://media.bookcorner.shop/uploads/661504b9ed0601712653497.jpg,1,12 Surah (Deluxe),false,,,,,g,,,,,active
al-quran-al-kareem-urdu-translation,Al Quran Al Kareem ۔ Urdu Translation,<p><strong>Book Title:</strong> Al Quran Al Kareem ۔ Urdu Translation</p><p><strong>Urdu Title:</strong> القرآن الکریم - اردو ترجمہ ق ۔ الناس</p><p><strong>Author:</strong> Javed Ahmad Ghamidi</p><p>Beautifully printed and bound edition published by Book Corner. Ideal for readers and collectors.</p>,Javed Ahmad Ghamidi,,Books,Holy Quran,true,Title,Default Title,KW-JAV-0139,400,shopify,100,deny,manual,500,600,true,false,,https://media.bookcorner.shop/uploads/5c53e52b65d9e1549002027.jpg,1,Al Quran Al Kareem ۔ Urdu Translation,false,,,,,g,,,,,active
quran-majeed-lafzi-tarjuma-set-vol-12,Quran Majeed Lafzi Tarjuma Set (Vol 1&2),<p><strong>Book Title:</strong> Quran Majeed Lafzi Tarjuma Set (Vol 1&2)</p><p><strong>Urdu Title:</strong> قرآن مجید لفظی ترجمہ دو جلدیں</p><p><strong>Author:</strong> Dr. Farhat Hashmi</p><p>Beautifully printed and bound edition published by Book Corner. Ideal for readers and collectors.</p>,Dr. Farhat Hashmi,,Books,Holy Quran,true,Title,Default Title,KW-DR.-0140,400,shopify,100,deny,manual,3200,4000,true,false,,https://media.bookcorner.shop/uploads/5c610aafd09811549863599.jpg,1,Quran Majeed Lafzi Tarjuma Set (Vol 1&2),false,,,,,g,,,,,active
quran-majeed-lafzi-tarjuma-single-volume,Quran Majeed Lafzi Tarjuma Single Volume,<p><strong>Book Title:</strong> Quran Majeed Lafzi Tarjuma Single Volume</p><p><strong>Urdu Title:</strong> قرآن مجید لفظی ترجمہ ایک جلد میں یکجا</p><p><strong>Author:</strong> Dr. Farhat Hashmi</p><p>Beautifully printed and bound edition published by Book Corner. Ideal for readers and collectors.</p>,Dr. Farhat Hashmi,,Books,Holy Quran,true,Title,Default Title,KW-DR.-0141,400,shopify,100,deny,manual,2000,2500,true,false,,https://media.bookcorner.shop/uploads/5c610b5fa71771549863775.jpg,1,Quran Majeed Lafzi Tarjuma Single Volume,false,,,,,g,,,,,active
sipara-set-lafzi-tarjamah-1-30,White Sipara Set - Lafzi Tarjamah (1-30),<p><strong>Book Title:</strong> White Sipara Set - Lafzi Tarjamah (1-30)</p><p><strong>Urdu Title:</strong> وائیٹ سپارہ سیٹ ۔ مکمل ۳۰ پارے</p><p><strong>Author:</strong> Unknown Author</p><p>Beautifully printed and bound edition published by Book Corner. Ideal for readers and collectors.</p>,Unknown Author,,Books,Holy Quran,true,Title,Default Title,KW-UNK-0142,400,shopify,100,deny,manual,14400,18000,true,false,,https://media.bookcorner.shop/uploads/5c610bb46e7aa1549863860.jpg,1,White Sipara Set - Lafzi Tarjamah (1-30),false,,,,,g,,,,,active
word-for-word-translation-of-the-quran,Word for Word Translation of the Quran,<p><strong>Book Title:</strong> Word for Word Translation of the Quran</p><p><strong>Author:</strong> Unknown Author</p><p>Beautifully printed and bound edition published by Book Corner. Ideal for readers and collectors.</p>,Unknown Author,,Books,Holy Quran,true,Title,Default Title,KW-UNK-0143,400,shopify,100,deny,manual,13000,16250,true,false,,https://media.bookcorner.shop/uploads/5c610cb2d16581549864114.jpg,1,Word for Word Translation of the Quran,false,,,,,g,,,,,active
al-quran-al-karim-urdu-translation,Al Quran Al Karim - Urdu Translation,<p><strong>Book Title:</strong> Al Quran Al Karim - Urdu Translation</p><p><strong>Urdu Title:</strong> القرآن الکریم - اردو ترجمہ</p><p><strong>Author:</strong> Javed Ahmad Ghamidi</p><p>Beautifully printed and bound edition published by Book Corner. Ideal for readers and collectors.</p>,Javed Ahmad Ghamidi,,Books,Holy Quran,true,Title,Default Title,KW-JAV-0144,400,shopify,100,deny,manual,4900,6100,true,false,,https://media.bookcorner.shop/uploads/5d5be128909681566302504.jpg,1,Al Quran Al Karim - Urdu Translation,false,,,,,g,,,,,active
the-theme-and-the-subjects-in-the-holy-quran-2-vol,The Theme and the Subjects in the Holy Quran - 2 Vol,<p><strong>Book Title:</strong> The Theme and the Subjects in the Holy Quran - 2 Vol</p><p><strong>Author:</strong> Ihsan H. Nadeem</p><p>Beautifully printed and bound edition published by Book Corner. Ideal for readers and collectors.</p>,Ihsan H. Nadeem,,Books,Holy Quran,true,Title,Default Title,KW-IHS-0145,400,shopify,100,deny,manual,3000,3750,true,false,,https://media.bookcorner.shop/uploads/5e353d4cf40f21580547404.jpg,1,The Theme and the Subjects in the Holy Quran - 2 Vol,false,,,,,g,,,,,active
tarjuman-ul-quran-urdu,Tarjuman ul Quran - Urdu,<p><strong>Book Title:</strong> Tarjuman ul Quran - Urdu</p><p><strong>Urdu Title:</strong> ترجمان القرآن - اردو ترجمہ</p><p><strong>Author:</strong> Abul Kalam Azad</p><p>Beautifully printed and bound edition published by Book Corner. Ideal for readers and collectors.</p>,Abul Kalam Azad,,Books,Holy Quran,true,Title,Default Title,KW-ABU-0146,400,shopify,100,deny,manual,1200,1500,true,false,,https://media.bookcorner.shop/uploads/5e6f42e302c6e1584349923.jpg,1,Tarjuman ul Quran - Urdu,false,,,,,g,,,,,active
asan-tarjuma-quran-3-volumes,Asan Tarjuma Quran - 3 Volumes,<p><strong>Book Title:</strong> Asan Tarjuma Quran - 3 Volumes</p><p><strong>Urdu Title:</strong> آسان ترجمہ قرآن - 3 جلدیں</p><p><strong>Author:</strong> Mufti Muhammad Taqi Usmani</p><p>Beautifully printed and bound edition published by Book Corner. Ideal for readers and collectors.</p>,Mufti Muhammad Taqi Usmani,,Books,Holy Quran,true,Title,Default Title,KW-MUF-0147,400,shopify,100,deny,manual,4500,5600,true,false,,https://media.bookcorner.shop/uploads/5ec366816689f1589864065.jpg,1,Asan Tarjuma Quran - 3 Volumes,false,,,,,g,,,,,active
tarjuma-quran-majeed,Tarjuma Quran Majeed - 8S,<p><strong>Book Title:</strong> Tarjuma Quran Majeed - 8S</p><p><strong>Urdu Title:</strong> S8 قرآن مجید ترجمہ</p><p><strong>Author:</strong> Unknown Author</p><p>Beautifully printed and bound edition published by Book Corner. Ideal for readers and collectors.</p>,Unknown Author,,Books,Holy Quran,true,Title,Default Title,KW-UNK-0148,400,shopify,100,deny,manual,3330,4150,true,false,,https://media.bookcorner.shop/uploads/67c80a67b1cfe1741163111.jpg,1,Tarjuma Quran Majeed - 8S,false,,,,,g,,,,,active
quran-hakeem-two-colour-urdu-talaffuz,Quran Hakeem Two Colour Urdu Talaffuz (Ref: 14 KT),<p><strong>Book Title:</strong> Quran Hakeem Two Colour Urdu Talaffuz (Ref: 14 KT)</p><p><strong>Urdu Title:</strong> قرآن حکيم دو رنگوں ميں اردو تلفظ (حوالہ نمبر: 14KT)</p><p><strong>Author:</strong> Unknown Author</p><p>Beautifully printed and bound edition published by Book Corner. Ideal for readers and collectors.</p>,Unknown Author,,Books,Holy Quran,true,Title,Default Title,KW-UNK-0149,400,shopify,100,deny,manual,2600,3250,true,false,,https://media.bookcorner.shop/uploads/5ebba7e08e5781589356512.jpg,1,Quran Hakeem Two Colour Urdu Talaffuz (Ref: 14 KT),false,,,,,g,,,,,active
asan-tarjuma-quran,Asan Tarjuma Quran,<p><strong>Book Title:</strong> Asan Tarjuma Quran</p><p><strong>Urdu Title:</strong> آسان ترجمہ قرآن</p><p><strong>Author:</strong> Mufti Muhammad Taqi Usmani</p><p>Beautifully printed and bound edition published by Book Corner. Ideal for readers and collectors.</p>,Mufti Muhammad Taqi Usmani,,Books,Holy Quran,true,Title,Default Title,KW-MUF-0150,400,shopify,100,deny,manual,3500,4400,true,false,,https://media.bookcorner.shop/uploads/5ec366610e03c1589864033.jpg,1,Asan Tarjuma Quran,false,,,,,g,,,,,active
mutalia-quran-hakeem-ka-muntakhib-nisab-2-vol,Mutalia Quran Hakeem ka Muntakhib Nisab (2 Vol),<p><strong>Book Title:</strong> Mutalia Quran Hakeem ka Muntakhib Nisab (2 Vol)</p><p><strong>Urdu Title:</strong> مطالعہ قرآن حکیم کا منتخب نصاب (2 جلدیں)</p><p><strong>Author:</strong> Dr. Israr Ahmed</p><p>Beautifully printed and bound edition published by Book Corner. Ideal for readers and collectors.</p>,Dr. Israr Ahmed,,Books,Holy Quran,true,Title,Default Title,KW-DR.-0151,400,shopify,100,deny,manual,3550,4450,true,false,,https://media.bookcorner.shop/uploads/6882050428ea01753351428.jpg,1,Mutalia Quran Hakeem ka Muntakhib Nisab (2 Vol),false,,,,,g,,,,,active
the-message-of-the-quran,The Message of the Quran,<p><strong>Book Title:</strong> The Message of the Quran</p><p><strong>Author:</strong> Muhammad Asad</p><p>Beautifully printed and bound edition published by Book Corner. Ideal for readers and collectors.</p>,Muhammad Asad,,Books,Holy Quran,true,Title,Default Title,KW-MUH-0152,400,shopify,100,deny,manual,2600,3250,true,false,,https://media.bookcorner.shop/uploads/5eedd9e5bafac1592646117.jpg,1,The Message of the Quran,false,,,,,g,,,,,active
quran-majeed-ashraf-ul-hawashi,Quran Majeed (Ashraf ul Hawashi),<p><strong>Book Title:</strong> Quran Majeed (Ashraf ul Hawashi)</p><p><strong>Urdu Title:</strong> قرآن مجید (اشرف الحواشی)</p><p><strong>Author:</strong> Shah Rafiuddin Dehlvi</p><p>Beautifully printed and bound edition published by Book Corner. Ideal for readers and collectors.</p>,Shah Rafiuddin Dehlvi,,Books,Holy Quran,true,Title,Default Title,KW-SHA-0153,400,shopify,100,deny,manual,1850,2300,true,false,,https://media.bookcorner.shop/uploads/5f007125699f31593864485.jpg,1,Quran Majeed (Ashraf ul Hawashi),false,,,,,g,,,,,active
khasays-e-ali,Khasays e Ali,<p><strong>Book Title:</strong> Khasays e Ali</p><p><strong>Urdu Title:</strong> خصائص علی</p><p><strong>Author:</strong> Hazrat Imam Nisai</p><p>Beautifully printed and bound edition published by Book Corner. Ideal for readers and collectors.</p>,Hazrat Imam Nisai,,Books,Hadith,true,Title,Default Title,KW-HAZ-0154,400,shopify,100,deny,manual,1250,1550,true,false,,https://media.bookcorner.shop/uploads/5deb78943a1191575712916.jpg,1,Khasays e Ali,false,,,,,g,,,,,active
mojza-e-mustafa,Mojza e Mustafa,<p><strong>Book Title:</strong> Mojza e Mustafa</p><p><strong>Urdu Title:</strong> معجزۂ مصطفےٰ صلی اللہ علیہ وسلم (فضائل القرآن)</p><p><strong>Author:</strong> Hazrat Imam Nisai</p><p>Beautifully printed and bound edition published by Book Corner. Ideal for readers and collectors.</p>,Hazrat Imam Nisai,,Books,Hadith,true,Title,Default Title,KW-HAZ-0155,400,shopify,100,deny,manual,950,1200,true,false,,https://media.bookcorner.shop/uploads/148.jpg,1,Mojza e Mustafa,false,,,,,g,,,,,active
shan-e-sahaba-ba-zuban-e-mustafa,Shan e Sahaba ba zuban e Mustafa,<p><strong>Book Title:</strong> Shan e Sahaba ba zuban e Mustafa</p><p><strong>Urdu Title:</strong> شانِ صحابہ بزبان مصطفیٰ (فضائل الصحابہ)</p><p><strong>Author:</strong> Hazrat Imam Nisai</p><p>Beautifully printed and bound edition published by Book Corner. Ideal for readers and collectors.</p>,Hazrat Imam Nisai,,Books,Hadith,true,Title,Default Title,KW-HAZ-0156,400,shopify,100,deny,manual,780,1000,true,false,,https://media.bookcorner.shop/uploads/182.jpg,1,Shan e Sahaba ba zuban e Mustafa,false,,,,,g,,,,,active
fazail-e-sahaba,Fazail e Sahaba - Urdu (4th Edition),<p><strong>Book Title:</strong> Fazail e Sahaba - Urdu (4th Edition)</p><p><strong>Urdu Title:</strong> فضائل صحابہ (اردو)</p><p><strong>Author:</strong> Hazrat Imam Ahmed Bin Hanbal</p><p>Beautifully printed and bound edition published by Book Corner. Ideal for readers and collectors.</p>,Hazrat Imam Ahmed Bin Hanbal,,Books,Hadith,true,Title,Default Title,KW-HAZ-0157,400,shopify,100,deny,manual,3000,3750,true,false,,https://media.bookcorner.shop/uploads/66f01c28224f21727011880.jpg,1,Fazail e Sahaba - Urdu (4th Edition),false,,,,,g,,,,,active
mamlaat-insan-aur-hadees,Mamlaat Insan Aur Hadees,<p><strong>Book Title:</strong> Mamlaat Insan Aur Hadees</p><p><strong>Urdu Title:</strong> معاملات انسان اور حدیث</p><p><strong>Author:</strong> Qayyum Nizami</p><p>Beautifully printed and bound edition published by Book Corner. Ideal for readers and collectors.</p>,Qayyum Nizami,,Books,Hadith,true,Title,Default Title,KW-QAY-0158,400,shopify,100,deny,manual,600,750,true,false,,https://media.bookcorner.shop/uploads/66b71358ef3f21723274072.jpg,1,Mamlaat Insan Aur Hadees,false,,,,,g,,,,,active
sahih-bukhari-urdu-3-vol-1,Sahih Bukhari - Urdu - 3 Vol,<p><strong>Book Title:</strong> Sahih Bukhari - Urdu - 3 Vol</p><p><strong>Urdu Title:</strong> صحیح بخاری - اردو - 3جلدیں</p><p><strong>Author:</strong> Imam Muhammad Bin Ismaail Bukhari</p><p>Beautifully printed and bound edition published by Book Corner. Ideal for readers and collectors.</p>,Imam Muhammad Bin Ismaail Bukhari,,Books,Hadith,true,Title,Default Title,KW-IMA-0159,400,shopify,100,deny,manual,4000,5000,true,false,,https://media.bookcorner.shop/uploads/5e29355fbfd081579758943.jpg,1,Sahih Bukhari - Urdu - 3 Vol,false,,,,,g,,,,,active
imam-abu-hanifa-imam-ul-ayma-fil-hadees-3-volumes-set,Imam Abu Hanifa - Imam ul Ayma Fil Hadees - 3 Volumes Set,<p><strong>Book Title:</strong> Imam Abu Hanifa - Imam ul Ayma Fil Hadees - 3 Volumes Set</p><p><strong>Urdu Title:</strong> امام ابوحنیفہ - امام الائمہ فی الحدیث - تین جلدیں مکمل</p><p><strong>Author:</strong> Dr. Muhammad Tahir ul Qadri</p><p>Beautifully printed and bound edition published by Book Corner. Ideal for readers and collectors.</p>,Dr. Muhammad Tahir ul Qadri,,Books,Hadith,true,Title,Default Title,KW-DR.-0160,400,shopify,100,deny,manual,3000,3750,true,false,,https://media.bookcorner.shop/uploads/5c62ab6b41b081549970283.jpg,1,Imam Abu Hanifa - Imam ul Ayma Fil Hadees - 3 Volumes Set,false,,,,,g,,,,,active
mishkat-ul-masabih-3-volumes,Mishkat ul Masabih - 3 Volumes,<p><strong>Book Title:</strong> Mishkat ul Masabih - 3 Volumes</p><p><strong>Urdu Title:</strong> مشکوۃ المصابیح - تین جلدیں</p><p><strong>Author:</strong> Muhammad bin Al Khateeb Al Tabrizi</p><p>Beautifully printed and bound edition published by Book Corner. Ideal for readers and collectors.</p>,Muhammad bin Al Khateeb Al Tabrizi,,Books,Hadith,true,Title,Default Title,KW-MUH-0161,400,shopify,100,deny,manual,8600,10750,true,false,,https://media.bookcorner.shop/uploads/5c6a984f8ac6d1550489679.jpg,1,Mishkat ul Masabih - 3 Volumes,false,,,,,g,,,,,active
sahih-muslim-3-volumes,Sahih Muslim (3 Volumes),<p><strong>Book Title:</strong> Sahih Muslim (3 Volumes)</p><p><strong>Urdu Title:</strong> صحیح مسلم (3جلدیں)</p><p><strong>Author:</strong> Imam Muslim Bin Al Hajaj Al Qusheri</p><p>Beautifully printed and bound edition published by Book Corner. Ideal for readers and collectors.</p>,Imam Muslim Bin Al Hajaj Al Qusheri,,Books,Hadith,true,Title,Default Title,KW-IMA-0162,400,shopify,100,deny,manual,6000,7500,true,false,,https://media.bookcorner.shop/uploads/5d452c3fc45e81564814399.jpg,1,Sahih Muslim (3 Volumes),false,,,,,g,,,,,active
shumail-e-kubra-4-volumes,Shumail e Kubra - 4 Volumes,<p><strong>Book Title:</strong> Shumail e Kubra - 4 Volumes</p><p><strong>Urdu Title:</strong> شمائل کبری ۔ چار جلدیں</p><p><strong>Author:</strong> Mufti Muhammad Irshaad Qasmi</p><p>Beautifully printed and bound edition published by Book Corner. Ideal for readers and collectors.</p>,Mufti Muhammad Irshaad Qasmi,,Books,Hadith,true,Title,Default Title,KW-MUF-0163,400,shopify,100,deny,manual,4800,6000,true,false,,https://media.bookcorner.shop/uploads/5e08b7489285c1577629512.jpg,1,Shumail e Kubra - 4 Volumes,false,,,,,g,,,,,active
sharah-tahavi-sharif-sharah-maani-ul-aasaar-5-volumes,Sharah Tahavi Sharif - Sharah Maani ul Aasaar - 5 Volumes,<p><strong>Book Title:</strong> Sharah Tahavi Sharif - Sharah Maani ul Aasaar - 5 Volumes</p><p><strong>Urdu Title:</strong> شرح طحاوی شریف ۔ شرح معانی الآثار - 5 جلدیں</p><p><strong>Author:</strong> Imam Abu Jafar Ahmed Bin Muhammad Tahavi Hanfi</p><p>Beautifully printed and bound edition published by Book Corner. Ideal for readers and collectors.</p>,Imam Abu Jafar Ahmed Bin Muhammad Tahavi Hanfi,,Books,Hadith,true,Title,Default Title,KW-IMA-0164,400,shopify,100,deny,manual,10000,12500,true,false,,https://media.bookcorner.shop/uploads/5e08bfd23ca3e1577631698.jpg,1,Sharah Tahavi Sharif - Sharah Maani ul Aasaar - 5 Volumes,false,,,,,g,,,,,active
al-tehqeeq-fi-asool-ul-hadees-2-vol,Usool ul Hadees (2 Vol.),<p><strong>Book Title:</strong> Usool ul Hadees (2 Vol.)</p><p><strong>Urdu Title:</strong> اصول الحدیث مصطلحات و علوم (2 جلدیں)</p><p><strong>Author:</strong> Dr. Khalid Alvi</p><p>Beautifully printed and bound edition published by Book Corner. Ideal for readers and collectors.</p>,Dr. Khalid Alvi,,Books,Hadith,true,Title,Default Title,KW-DR.-0165,400,shopify,100,deny,manual,2600,3250,true,false,,https://media.bookcorner.shop/uploads/5e11f19db9bea1578234269.jpg,1,Usool ul Hadees (2 Vol.),false,,,,,g,,,,,active
hifazat-e-hadees,Hifazat e Hadees,<p><strong>Book Title:</strong> Hifazat e Hadees</p><p><strong>Urdu Title:</strong> حفاظت حدیث</p><p><strong>Author:</strong> Dr. Khalid Alvi</p><p>Beautifully printed and bound edition published by Book Corner. Ideal for readers and collectors.</p>,Dr. Khalid Alvi,,Books,Hadith,true,Title,Default Title,KW-DR.-0166,400,shopify,100,deny,manual,750,950,true,false,,https://media.bookcorner.shop/uploads/5e11f1d5c16fb1578234325.jpg,1,Hifazat e Hadees,false,,,,,g,,,,,active
hadees-ul-quran,Hadees ul Quran,<p><strong>Book Title:</strong> Hadees ul Quran</p><p><strong>Urdu Title:</strong> حدیث القرآن</p><p><strong>Author:</strong> Allama Inayat Ullah Mashraqi</p><p>Beautifully printed and bound edition published by Book Corner. Ideal for readers and collectors.</p>,Allama Inayat Ullah Mashraqi,,Books,Hadith,true,Title,Default Title,KW-ALL-0167,400,shopify,100,deny,manual,600,750,true,false,,,1,Hadees ul Quran,false,,,,,g,,,,,active
kitab-ul-aasaar-urdu-2-vol,Kitab ul Aasaar - Urdu - 2 Vol,<p><strong>Book Title:</strong> Kitab ul Aasaar - Urdu - 2 Vol</p><p><strong>Urdu Title:</strong> کتاب الآثار ۔ اردو ۔ 2 جلدیں</p><p><strong>Author:</strong> Imam Abu Yousaf Yaqoob Bin Habeeb Ansari</p><p>Beautifully printed and bound edition published by Book Corner. Ideal for readers and collectors.</p>,Imam Abu Yousaf Yaqoob Bin Habeeb Ansari,,Books,Hadith,true,Title,Default Title,KW-IMA-0168,400,shopify,100,deny,manual,6600,8250,true,false,,https://media.bookcorner.shop/uploads/5e133a820f0501578318466.jpg,1,Kitab ul Aasaar - Urdu - 2 Vol,false,,,,,g,,,,,active
tarikh-e-hadees,Tarikh e Hadees,<p><strong>Book Title:</strong> Tarikh e Hadees</p><p><strong>Urdu Title:</strong> تاریخ حدیث</p><p><strong>Author:</strong> Dr. Ghulam Jilani Barq</p><p>Beautifully printed and bound edition published by Book Corner. Ideal for readers and collectors.</p>,Dr. Ghulam Jilani Barq,,Books,Hadith,true,Title,Default Title,KW-DR.-0169,400,shopify,100,deny,manual,500,600,true,false,,https://media.bookcorner.shop/uploads/5ff07eda72c751609596634.jpg,1,Tarikh e Hadees,false,,,,,g,,,,,active
101-hadith-qudsi-arabic-with-urdu,101 Hadees e Qudsi - Arabic with Urdu,<p><strong>Book Title:</strong> 101 Hadees e Qudsi - Arabic with Urdu</p><p><strong>Urdu Title:</strong> 101 احادیث قدسی ۔ عربی متن مع اردو ترجمہ</p><p><strong>Author:</strong> Sheikh Akbar Mohayyuddin Muhammad Ibn Al Arabi</p><p>Beautifully printed and bound edition published by Book Corner. Ideal for readers and collectors.</p>,Sheikh Akbar Mohayyuddin Muhammad Ibn Al Arabi,,Books,Hadith,true,Title,Default Title,KW-SHE-0170,400,shopify,100,deny,manual,1800,2250,true,false,,https://media.bookcorner.shop/uploads/5e16bdc26eddf1578548674.jpg,1,101 Hadees e Qudsi - Arabic with Urdu,false,,,,,g,,,,,active
sahah-sitta-bukhari-muslim-tirmazi-nisai-ibn-e-maja-abu-daood,Sahah Sitta - Bukhari - Muslim - Tirmazi - Nisai - Ibn e Maja - Abu Daood,<p><strong>Book Title:</strong> Sahah Sitta - Bukhari - Muslim - Tirmazi - Nisai - Ibn e Maja - Abu Daood</p><p><strong>Urdu Title:</strong> صحاح ستہ ۔ بخاری - مسلم - ترمذی - نسائی - ابن ماجہ - ابوداؤد</p><p><strong>Author:</strong> Muslim - Tirmazi - Nisai - Ibn e Maja - Abu Daood</p><p>Beautifully printed and bound edition published by Book Corner. Ideal for readers and collectors.</p>,Muslim - Tirmazi - Nisai - Ibn e Maja - Abu Daood,,Books,Hadith,true,Title,Default Title,KW-MUS-0171,400,shopify,100,deny,manual,36300,45400,true,false,,https://media.bookcorner.shop/uploads/5e180b3b5bf9d1578634043.jpg,1,Sahah Sitta - Bukhari - Muslim - Tirmazi - Nisai - Ibn e Maja - Abu Daood,false,,,,,g,,,,,active
sahih-bukhari-urdu-3-vol,Sahih Bukhari - Urdu - 3 Vol,<p><strong>Book Title:</strong> Sahih Bukhari - Urdu - 3 Vol</p><p><strong>Urdu Title:</strong> صحیح بخاری - اردو - 3 جلدیں</p><p><strong>Author:</strong> Imam Muhammad Bin Ismaail Bukhari</p><p>Beautifully printed and bound edition published by Book Corner. Ideal for readers and collectors.</p>,Imam Muhammad Bin Ismaail Bukhari,,Books,Hadith,true,Title,Default Title,KW-IMA-0172,400,shopify,100,deny,manual,7000,8750,true,false,,https://media.bookcorner.shop/uploads/5e180ede484621578634974.jpg,1,Sahih Bukhari - Urdu - 3 Vol,false,,,,,g,,,,,active
asan-tarjuma,Quran Hakeem - Bachon aur Naujwanon Kay Liyay (Asan Tarjuma o Tafsir) 8 Vol,<p><strong>Book Title:</strong> Quran Hakeem - Bachon aur Naujwanon Kay Liyay (Asan Tarjuma o Tafsir) 8 Vol</p><p><strong>Urdu Title:</strong> قرآن حکیم بچوں اور نوجوانوں کے لیے (آسان ترجمہ و تفسیر) 8 جلدیں</p><p><strong>Author:</strong> SHAKEEL ZAHID</p><p>Beautifully printed and bound edition published by Book Corner. Ideal for readers and collectors.</p>,SHAKEEL ZAHID,,Books,Tafsir,true,Title,Default Title,KW-SHA-0173,400,shopify,100,deny,manual,3700,4600,true,false,,https://media.bookcorner.shop/uploads/60a73cb26fa0e1621572786.jpg,1,Quran Hakeem - Bachon aur Naujwanon Kay Liyay (Asan Tarjuma o Tafsir) 8 Vol,false,,,,,g,,,,,active
tafsir-rooh-ul-bayan-urdu-10-volumes,Tafsir Rooh ul Bayan - Urdu (10 Volumes),<p><strong>Book Title:</strong> Tafsir Rooh ul Bayan - Urdu (10 Volumes)</p><p><strong>Urdu Title:</strong> تفسیر روح البیان اردو - 10 جلدیں</p><p><strong>Author:</strong> Allama Sheikh Ismail Haqi</p><p>Beautifully printed and bound edition published by Book Corner. Ideal for readers and collectors.</p>,Allama Sheikh Ismail Haqi,,Books,Tafsir,true,Title,Default Title,KW-ALL-0174,400,shopify,100,deny,manual,12000,15000,true,false,,https://media.bookcorner.shop/uploads/619653a71c91d1637241767.jpg,1,Tafsir Rooh ul Bayan - Urdu (10 Volumes),false,,,,,g,,,,,active
tafheem-ul-quran-6-vol-1,Tafheem Ul Quran - 6 Vol (Special Edition),<p><strong>Book Title:</strong> Tafheem Ul Quran - 6 Vol (Special Edition)</p><p><strong>Urdu Title:</strong> تفہیم القرآن - 6 جلدیں (سپیشل ایڈیشن)</p><p><strong>Author:</strong> Syed Abu Al Ala Maududi</p><p>Beautifully printed and bound edition published by Book Corner. Ideal for readers and collectors.</p>,Syed Abu Al Ala Maududi,,Books,Tafsir,true,Title,Default Title,KW-SYE-0175,400,shopify,100,deny,manual,14000,17500,true,false,,https://media.bookcorner.shop/uploads/6173aece670971634971342.jpg,1,Tafheem Ul Quran - 6 Vol (Special Edition),false,,,,,g,,,,,active
tafsir-zakheera-tul-jinaan-21-vol,Tafsir Zakheera Tul Jinaan (21 Vol),<p><strong>Book Title:</strong> Tafsir Zakheera Tul Jinaan (21 Vol)</p><p><strong>Urdu Title:</strong> تفسیر ذخیرۃ الجنان (21 جلدیں)</p><p><strong>Author:</strong> Molana Muhammad Sarfraz Khan Safdar</p><p>Beautifully printed and bound edition published by Book Corner. Ideal for readers and collectors.</p>,Molana Muhammad Sarfraz Khan Safdar,,Books,Tafsir,true,Title,Default Title,KW-MOL-0176,400,shopify,100,deny,manual,31500,39400,true,false,,https://media.bookcorner.shop/uploads/615019bc2d3e21632639420.jpg,1,Tafsir Zakheera Tul Jinaan (21 Vol),false,,,,,g,,,,,active
ghalba-e-room,Ghalba e Room,<p><strong>Book Title:</strong> Ghalba e Room</p><p><strong>Urdu Title:</strong> غلبۂ روم</p><p><strong>Author:</strong> Maulana Zafar Ali Khan</p><p>Beautifully printed and bound edition published by Book Corner. Ideal for readers and collectors.</p>,Maulana Zafar Ali Khan,,Books,Tafsir,true,Title,Default Title,KW-MAU-0177,400,shopify,100,deny,manual,500,600,true,false,,https://media.bookcorner.shop/uploads/61263d6b903b61629896043.jpg,1,Ghalba e Room,false,,,,,g,,,,,active
intikhab-tafsir-jalalyn-o-mishkat,Intikhab Tafsir Jalalyn o Mishkat,<p><strong>Book Title:</strong> Intikhab Tafsir Jalalyn o Mishkat</p><p><strong>Urdu Title:</strong> انتخاب تفسیر جلالین و مشکوۃ</p><p><strong>Author:</strong> Muhammad Mohayuddin Jahangir</p><p>Beautifully printed and bound edition published by Book Corner. Ideal for readers and collectors.</p>,Muhammad Mohayuddin Jahangir,,Books,Tafsir,true,Title,Default Title,KW-MUH-0178,400,shopify,100,deny,manual,800,1000,true,false,,https://media.bookcorner.shop/uploads/60eaff31537781626013489.jpg,1,Intikhab Tafsir Jalalyn o Mishkat,false,,,,,g,,,,,active
dars-e-kalamullah,Dars e Kalam Ullah (Ghair Manqoot Tafsir),<p><strong>Book Title:</strong> Dars e Kalam Ullah (Ghair Manqoot Tafsir)</p><p><strong>Urdu Title:</strong> درس کلام اللہ (غیر منقوط تفسیر)</p><p><strong>Author:</strong> Unknown Author</p><p>Beautifully printed and bound edition published by Book Corner. Ideal for readers and collectors.</p>,Unknown Author,,Books,Tafsir,true,Title,Default Title,KW-UNK-0179,400,shopify,100,deny,manual,2500,3100,true,false,,https://media.bookcorner.shop/uploads/60e2d943c0b551625479491.jpg,1,Dars e Kalam Ullah (Ghair Manqoot Tafsir),false,,,,,g,,,,,active
tafsir-bayan-ul-quran-7-volumes,Tafsir Bayan ul Quran - 7 Volumes,<p><strong>Book Title:</strong> Tafsir Bayan ul Quran - 7 Volumes</p><p><strong>Urdu Title:</strong> تفسیر بیان القرآن - 7 جلدیں اعلیٰ</p><p><strong>Author:</strong> Dr. Israr Ahmed</p><p>Beautifully printed and bound edition published by Book Corner. Ideal for readers and collectors.</p>,Dr. Israr Ahmed,,Books,Tafsir,true,Title,Default Title,KW-DR.-0180,400,shopify,100,deny,manual,9000,11250,true,false,,https://media.bookcorner.shop/uploads/64f0843dc7edf1693484093.jpg,1,Tafsir Bayan ul Quran - 7 Volumes,false,,,,,g,,,,,active
safwa-tul-tafasir-urdu-3-vol,Safwa tul Tafasir - Urdu (3 Vol),<p><strong>Book Title:</strong> Safwa tul Tafasir - Urdu (3 Vol)</p><p><strong>Urdu Title:</strong> صفوۃ التفاسیر ۔ اردو (3 جلدیں)</p><p><strong>Author:</strong> Sheikh Muhammad Ali Sabuni</p><p>Beautifully printed and bound edition published by Book Corner. Ideal for readers and collectors.</p>,Sheikh Muhammad Ali Sabuni,,Books,Tafsir,true,Title,Default Title,KW-SHE-0181,400,shopify,100,deny,manual,6400,8000,true,false,,https://media.bookcorner.shop/uploads/60dad63c0fa891624954428.jpg,1,Safwa tul Tafasir - Urdu (3 Vol),false,,,,,g,,,,,active
al-jamal-wal-kamal-tafseer-surah-yusuf,al Jamal wal Kamal - Tafseer Surah Yusuf,<p><strong>Book Title:</strong> al Jamal wal Kamal - Tafseer Surah Yusuf</p><p><strong>Urdu Title:</strong> الجمال والکمال - تفسیر سورۃ یوسف</p><p><strong>Author:</strong> Mufti Muhammad Sulaiman Mansoorpuri</p><p>Beautifully printed and bound edition published by Book Corner. Ideal for readers and collectors.</p>,Mufti Muhammad Sulaiman Mansoorpuri,,Books,Tafsir,true,Title,Default Title,KW-MUF-0182,400,shopify,100,deny,manual,280,350,true,false,,https://media.bookcorner.shop/uploads/60d7036e23a1a1624703854.jpg,1,al Jamal wal Kamal - Tafseer Surah Yusuf,false,,,,,g,,,,,active
fi-zilal-ul-quran,Tafsir Fi Zilal ul Quran (6 Vol Set),<p><strong>Book Title:</strong> Tafsir Fi Zilal ul Quran (6 Vol Set)</p><p><strong>Urdu Title:</strong> تفسیر فی ظلال القرآن (6 جلدیں)</p><p><strong>Author:</strong> Syed Qutb Shaheed</p><p>Beautifully printed and bound edition published by Book Corner. Ideal for readers and collectors.</p>,Syed Qutb Shaheed,,Books,Tafsir,true,Title,Default Title,KW-SYE-0183,400,shopify,100,deny,manual,12000,15000,true,false,,https://media.bookcorner.shop/uploads/60cb4d3ac038f1623936314.jpg,1,Tafsir Fi Zilal ul Quran (6 Vol Set),false,,,,,g,,,,,active
tafsir-usmani-2-vol,Tafsir Usmani 2 Vol,<p><strong>Book Title:</strong> Tafsir Usmani 2 Vol</p><p><strong>Urdu Title:</strong> تفسیر عثمانی 2 جلدیں</p><p><strong>Author:</strong> Molana Mehmood Ul Hassan</p><p>Beautifully printed and bound edition published by Book Corner. Ideal for readers and collectors.</p>,Molana Mehmood Ul Hassan,,Books,Tafsir,true,Title,Default Title,KW-MOL-0184,400,shopify,100,deny,manual,4200,5250,true,false,,https://media.bookcorner.shop/uploads/60b094cd0defb1622185165.jpg,1,Tafsir Usmani 2 Vol,false,,,,,g,,,,,active
tafsir-usmani-3-vol,Tafsir Usmani 3 Vol,<p><strong>Book Title:</strong> Tafsir Usmani 3 Vol</p><p><strong>Urdu Title:</strong> تفسیر عثمانی (3 جلدیں)</p><p><strong>Author:</strong> Molana Mehmood Ul Hassan</p><p>Beautifully printed and bound edition published by Book Corner. Ideal for readers and collectors.</p>,Molana Mehmood Ul Hassan,,Books,Tafsir,true,Title,Default Title,KW-MOL-0185,400,shopify,100,deny,manual,6400,8000,true,false,,https://media.bookcorner.shop/uploads/634279fd506d61665300989.jpg,1,Tafsir Usmani 3 Vol,false,,,,,g,,,,,active
anwar-tibyan-ul-quran-talkhees-tafsir,Anwar Tibyan ul Quran (Talkhees Tafsir),<p><strong>Book Title:</strong> Anwar Tibyan ul Quran (Talkhees Tafsir)</p><p><strong>Urdu Title:</strong> انوار تبیان القرآن (تلخیص تفسیر تبیان القرآن)</p><p><strong>Author:</strong> Unknown Author</p><p>Beautifully printed and bound edition published by Book Corner. Ideal for readers and collectors.</p>,Unknown Author,,Books,Tafsir,true,Title,Default Title,KW-UNK-0186,400,shopify,100,deny,manual,1750,2200,true,false,,https://media.bookcorner.shop/uploads/61d93c170aac91641626647.jpg,1,Anwar Tibyan ul Quran (Talkhees Tafsir),false,,,,,g,,,,,active
tafseer-ahsan-ul-bayyan,Tafseer Ahsan Ul Bayyan,<p><strong>Book Title:</strong> Tafseer Ahsan Ul Bayyan</p><p><strong>Urdu Title:</strong> تفسیر احسن البیان</p><p><strong>Author:</strong> Hafiz Salah-ud-Din Yousaf</p><p>Beautifully printed and bound edition published by Book Corner. Ideal for readers and collectors.</p>,Hafiz Salah-ud-Din Yousaf,,Books,Tafsir,true,Title,Default Title,KW-HAF-0187,400,shopify,100,deny,manual,3300,4100,true,false,,https://media.bookcorner.shop/uploads/607827ddd3e571618487261.jpg,1,Tafseer Ahsan Ul Bayyan,false,,,,,g,,,,,active
tafsir-al-jalalayn-urdu-7-volumes,Tafsir Misbahain Sharah Tafsir Al Jalalayn (Urdu) 7 Volumes,<p><strong>Book Title:</strong> Tafsir Misbahain Sharah Tafsir Al Jalalayn (Urdu) 7 Volumes</p><p><strong>Urdu Title:</strong> تفسیر مصباحین شرح تفسیر جلالین ۔ اردو (7 جلدیں)</p><p><strong>Author:</strong> Imam Jalaluddin Abdu Rehman As Suyuti</p><p>Beautifully printed and bound edition published by Book Corner. Ideal for readers and collectors.</p>,Imam Jalaluddin Abdu Rehman As Suyuti,,Books,Tafsir,true,Title,Default Title,KW-IMA-0188,400,shopify,100,deny,manual,14000,17500,true,false,,https://media.bookcorner.shop/uploads/60476883b9e3a1615292547.jpg,1,Tafsir Misbahain Sharah Tafsir Al Jalalayn (Urdu) 7 Volumes,false,,,,,g,,,,,active
tazkeer-ul-quran,Tazkeer ul Quran (2 Vol),<p><strong>Book Title:</strong> Tazkeer ul Quran (2 Vol)</p><p><strong>Urdu Title:</strong> تذکیر القرآن (2 جلدیں)</p><p><strong>Author:</strong> Maulana Waheed ud Din Khan</p><p>Beautifully printed and bound edition published by Book Corner. Ideal for readers and collectors.</p>,Maulana Waheed ud Din Khan,,Books,Tafsir,true,Title,Default Title,KW-MAU-0189,400,shopify,100,deny,manual,3000,3750,true,false,,https://media.bookcorner.shop/uploads/612cd808ab0261630328840.jpg,1,Tazkeer ul Quran (2 Vol),false,,,,,g,,,,,active
tafsir-maarif-ul-quran-9-vol-delux,Tafsir Maarif ul Quran – 9 Vol (Delux),<p><strong>Book Title:</strong> Tafsir Maarif ul Quran – 9 Vol (Delux)</p><p><strong>Urdu Title:</strong> تفسیر معارف القرآن ۔ 9 جلدیں (ڈیلکس)</p><p><strong>Author:</strong> Sheikh Mufti Muhammad Shafi</p><p>Beautifully printed and bound edition published by Book Corner. Ideal for readers and collectors.</p>,Sheikh Mufti Muhammad Shafi,,Books,Tafsir,true,Title,Default Title,KW-SHE-0190,400,shopify,100,deny,manual,12500,15600,true,false,,https://media.bookcorner.shop/uploads/5fd9f18d030b01608118669.jpg,1,Tafsir Maarif ul Quran – 9 Vol (Delux),false,,,,,g,,,,,active
umm-ul-kitab,Umm Ul Kitab,<p><strong>Book Title:</strong> Umm Ul Kitab</p><p><strong>Urdu Title:</strong> ام الکتاب</p><p><strong>Author:</strong> Abul Kalam Azad</p><p>Beautifully printed and bound edition published by Book Corner. Ideal for readers and collectors.</p>,Abul Kalam Azad,,Books,Tafsir,true,Title,Default Title,KW-ABU-0191,400,shopify,100,deny,manual,600,750,true,false,,https://media.bookcorner.shop/uploads/5fbd0102654e31606222082.jpg,1,Umm Ul Kitab,false,,,,,g,,,,,active
tafsir-ibne-kasir,Tafsir Ibn e Kasir (4 Vol Set),<p><strong>Book Title:</strong> Tafsir Ibn e Kasir (4 Vol Set)</p><p><strong>Urdu Title:</strong> تفسیر ابن کثیر (4 جلدیں، مکمل سیٹ)</p><p><strong>Author:</strong> Imam Hafiz Amaduddin Ibn e Kaseer</p><p>Beautifully printed and bound edition published by Book Corner. Ideal for readers and collectors.</p>,Imam Hafiz Amaduddin Ibn e Kaseer,,Books,Tafsir,true,Title,Default Title,KW-IMA-0192,400,shopify,100,deny,manual,10000,12500,true,false,,https://media.bookcorner.shop/uploads/625a507a2db861650086010.jpg,1,Tafsir Ibn e Kasir (4 Vol Set),false,,,,,g,,,,,active
mamolat-e-mustafa-saw,Mamolat e Mustafa,<p><strong>Book Title:</strong> Mamolat e Mustafa</p><p><strong>Urdu Title:</strong> معمولات مصطفےٰ ﷺ</p><p><strong>Author:</strong> Prof. Akram Madni</p><p>Beautifully printed and bound edition published by Book Corner. Ideal for readers and collectors.</p>,Prof. Akram Madni,,Books,Seerat un Nabi,true,Title,Default Title,KW-PRO-0193,400,shopify,100,deny,manual,600,750,true,false,,https://media.bookcorner.shop/uploads/5c4ef84a3e1ac1548679242.jpg,1,Mamolat e Mustafa,false,,,,,g,,,,,active
medicine-of-the-prophet,Medicine of the Prophet,<p><strong>Book Title:</strong> Medicine of the Prophet</p><p><strong>Author:</strong> Imam Jalaluddin Abdu Rehman As Suyuti</p><p>Beautifully printed and bound edition published by Book Corner. Ideal for readers and collectors.</p>,Imam Jalaluddin Abdu Rehman As Suyuti,,Books,Seerat un Nabi,true,Title,Default Title,KW-IMA-0194,400,shopify,100,deny,manual,750,950,true,false,,https://media.bookcorner.shop/uploads/144.jpg,1,Medicine of the Prophet,false,,,,,g,,,,,active
muhammad-rasoolullah,Muhammad Rasoolullah (5th Edition) Deluxe,<p><strong>Book Title:</strong> Muhammad Rasoolullah (5th Edition) Deluxe</p><p><strong>Urdu Title:</strong> محمد رسول اللہ ﷺ (ڈیلکس)</p><p><strong>Author:</strong> Martin Lings</p><p>Beautifully printed and bound edition published by Book Corner. Ideal for readers and collectors.</p>,Martin Lings,,Books,Seerat un Nabi,true,Title,Default Title,KW-MAR-0195,400,shopify,100,deny,manual,2500,3100,true,false,,https://media.bookcorner.shop/uploads/62c16005f2a491656840197.jpg,1,Muhammad Rasoolullah (5th Edition) Deluxe,false,,,,,g,,,,,active
pekar-e-jameel,Pekar e Jameel ﷺ,<p><strong>Book Title:</strong> Pekar e Jameel ﷺ</p><p><strong>Urdu Title:</strong> پیکر جمیل ﷺ</p><p><strong>Author:</strong> Muhammad Hameed Shahid</p><p>Beautifully printed and bound edition published by Book Corner. Ideal for readers and collectors.</p>,Muhammad Hameed Shahid,,Books,Seerat un Nabi,true,Title,Default Title,KW-MUH-0196,400,shopify,100,deny,manual,2000,2500,true,false,,https://media.bookcorner.shop/uploads/5c5028a8cea7f1548757160.jpg,1,Pekar e Jameel ﷺ,false,,,,,g,,,,,active
rasool-e-arabi-saw,Rasool e Arabi S.A.W,<p><strong>Book Title:</strong> Rasool e Arabi S.A.W</p><p><strong>Urdu Title:</strong> رسول عربی صلی اللہ علیہ وسلم</p><p><strong>Author:</strong> G. Singh Dara</p><p>Beautifully printed and bound edition published by Book Corner. Ideal for readers and collectors.</p>,G. Singh Dara,,Books,Seerat un Nabi,true,Title,Default Title,KW-G. -0197,400,shopify,100,deny,manual,950,1200,true,false,,https://media.bookcorner.shop/uploads/170.jpg,1,Rasool e Arabi S.A.W,false,,,,,g,,,,,active
seerate-mustafa,Seerat e Mustafa ba zuban e Mustafa,<p><strong>Book Title:</strong> Seerat e Mustafa ba zuban e Mustafa</p><p><strong>Urdu Title:</strong> سیرت مصطفی بزبانِ مصطفی ﷺ</p><p><strong>Author:</strong> M Abdul Basit Al Asar</p><p>Beautifully printed and bound edition published by Book Corner. Ideal for readers and collectors.</p>,M Abdul Basit Al Asar,,Books,Seerat un Nabi,true,Title,Default Title,KW-M A-0198,400,shopify,100,deny,manual,780,1000,true,false,,https://media.bookcorner.shop/uploads/5c519c4ca9ca11548852300.jpg,1,Seerat e Mustafa ba zuban e Mustafa,false,,,,,g,,,,,active
seerat-e-rasool-ki-roshni-may-difa-e-pakistan,Seerat e Rasool ki Roshni May Difa e Pakistan,<p><strong>Book Title:</strong> Seerat e Rasool ki Roshni May Difa e Pakistan</p><p><strong>Urdu Title:</strong> سیرت رسول کی روشنی میں دفاعِ پاکستان</p><p><strong>Author:</strong> Dr. Haroon Rasheed Tabassum</p><p>Beautifully printed and bound edition published by Book Corner. Ideal for readers and collectors.</p>,Dr. Haroon Rasheed Tabassum,,Books,Seerat un Nabi,true,Title,Default Title,KW-DR.-0199,400,shopify,100,deny,manual,2500,3100,true,false,,https://media.bookcorner.shop/uploads/65f53640484841710569024.jpg,1,Seerat e Rasool ki Roshni May Difa e Pakistan,false,,,,,g,,,,,active
seerat-meray-hazoor-ki,Seerat Mere Hazoor Ki,<p><strong>Book Title:</strong> Seerat Mere Hazoor Ki</p><p><strong>Urdu Title:</strong> سیرت میرے حضور ﷺ کی</p><p><strong>Author:</strong> Mirza Nawaz Baig</p><p>Beautifully printed and bound edition published by Book Corner. Ideal for readers and collectors.</p>,Mirza Nawaz Baig,,Books,Seerat un Nabi,true,Title,Default Title,KW-MIR-0200,400,shopify,100,deny,manual,999,1250,true,false,,https://media.bookcorner.shop/uploads/239.jpg,1,Seerat Mere Hazoor Ki,false,,,,,g,,,,,active
seerat-ul-nabi-quiz-bachon-k-liyay,Seerat ul Nabi Quiz (Bachon k Liyay),<p><strong>Book Title:</strong> Seerat ul Nabi Quiz (Bachon k Liyay)</p><p><strong>Urdu Title:</strong> سیرت النبی کوئز (بچوں کے لیے)</p><p><strong>Author:</strong> Abu Imama</p><p>Beautifully printed and bound edition published by Book Corner. Ideal for readers and collectors.</p>,Abu Imama,,Books,Seerat un Nabi,true,Title,Default Title,KW-ABU-0201,400,shopify,100,deny,manual,500,600,true,false,,https://media.bookcorner.shop/uploads/238.jpg,1,Seerat ul Nabi Quiz (Bachon k Liyay),false,,,,,g,,,,,active
tabarkat-e-nabvi-ki-tareekhi-dastavez,Tabarkat e Nabvi ki Tareekhi Dastavez,<p><strong>Book Title:</strong> Tabarkat e Nabvi ki Tareekhi Dastavez</p><p><strong>Urdu Title:</strong> تبرکاتِ نبوی کی تاریخی دستاویز (شجرۃ النبویہ)</p><p><strong>Author:</strong> Yousuf Bin Abdul Hadi Muqadsi</p><p>Beautifully printed and bound edition published by Book Corner. Ideal for readers and collectors.</p>,Yousuf Bin Abdul Hadi Muqadsi,,Books,Seerat un Nabi,true,Title,Default Title,KW-YOU-0202,400,shopify,100,deny,manual,480,600,true,false,,https://media.bookcorner.shop/uploads/203.jpg,1,Tabarkat e Nabvi ki Tareekhi Dastavez,false,,,,,g,,,,,active
darbar-e-rasool-kay-faislay,Darbar e Rasool Kay Faislay,<p><strong>Book Title:</strong> Darbar e Rasool Kay Faislay</p><p><strong>Urdu Title:</strong> دربار رسول ﷺ کے فیصلے</p><p><strong>Author:</strong> Abu Abdullah Muhammad Bin Farj Al Malki Al Qurtubi</p><p>Beautifully printed and bound edition published by Book Corner. Ideal for readers and collectors.</p>,Abu Abdullah Muhammad Bin Farj Al Malki Al Qurtubi,,Books,Seerat un Nabi,true,Title,Default Title,KW-ABU-0203,400,shopify,100,deny,manual,2500,3100,true,false,,https://media.bookcorner.shop/uploads/5d18cfbbd56c81561907131.jpg,1,Darbar e Rasool Kay Faislay,false,,,,,g,,,,,active
iqbal-aur-ishq-e-rasool,Iqbal aur Ishq e Rasool,<p><strong>Book Title:</strong> Iqbal aur Ishq e Rasool</p><p><strong>Urdu Title:</strong> اقبال اور عشق رسول ﷺ</p><p><strong>Author:</strong> Raees Ahmed Jafri</p><p>Beautifully printed and bound edition published by Book Corner. Ideal for readers and collectors.</p>,Raees Ahmed Jafri,,Books,Seerat un Nabi,true,Title,Default Title,KW-RAE-0204,400,shopify,100,deny,manual,800,1000,true,false,,https://media.bookcorner.shop/uploads/5e295593511921579767187.jpg,1,Iqbal aur Ishq e Rasool,false,,,,,g,,,,,active
hazrat-salman-farsi,Hazrat Salman Farsi,<p><strong>Book Title:</strong> Hazrat Salman Farsi</p><p><strong>Urdu Title:</strong> حضرت سلمان فارسی</p><p><strong>Author:</strong> Abdul Haleem Sharar</p><p>Beautifully printed and bound edition published by Book Corner. Ideal for readers and collectors.</p>,Abdul Haleem Sharar,,Books,Seerat un Nabi,true,Title,Default Title,KW-ABD-0205,400,shopify,100,deny,manual,3000,3750,true,false,,https://media.bookcorner.shop/uploads/5f745eb72dc6f1601461943.jpg,1,Hazrat Salman Farsi,false,,,,,g,,,,,active
hayate-muhammad,Hayat e Muhammad (4th Edition),<p><strong>Book Title:</strong> Hayat e Muhammad (4th Edition)</p><p><strong>Urdu Title:</strong> حیات محمد</p><p><strong>Author:</strong> Muhammad Hussain Haykel</p><p>Beautifully printed and bound edition published by Book Corner. Ideal for readers and collectors.</p>,Muhammad Hussain Haykel,,Books,Seerat un Nabi,true,Title,Default Title,KW-MUH-0206,400,shopify,100,deny,manual,3000,3750,true,false,,https://media.bookcorner.shop/uploads/6734b88fed0691731508367.jpg,1,Hayat e Muhammad (4th Edition),false,,,,,g,,,,,active
seerat-ul-nabi-aylan-e-nabuwat-say-pehlay,Seerat ul Nabi Aylan e Nabuwat Say Pehlay,<p><strong>Book Title:</strong> Seerat ul Nabi Aylan e Nabuwat Say Pehlay</p><p><strong>Urdu Title:</strong> سیرت النبیﷺ اعلان نبوت سے پہلے</p><p><strong>Author:</strong> MASOOD MUFTI</p><p>Beautifully printed and bound edition published by Book Corner. Ideal for readers and collectors.</p>,MASOOD MUFTI,,Books,Seerat un Nabi,true,Title,Default Title,KW-MAS-0207,400,shopify,100,deny,manual,900,1100,true,false,,https://media.bookcorner.shop/uploads/63676015187341667719189.jpg,1,Seerat ul Nabi Aylan e Nabuwat Say Pehlay,false,,,,,g,,,,,active
seerat-syed-ul-wara-3-vol,Seerat Syed ul Wara (3 Vol),<p><strong>Book Title:</strong> Seerat Syed ul Wara (3 Vol)</p><p><strong>Urdu Title:</strong> سیرت سید الوریٰ ﷺ (3جلدیں)</p><p><strong>Author:</strong> Qazi Abdul daim</p><p>Beautifully printed and bound edition published by Book Corner. Ideal for readers and collectors.</p>,Qazi Abdul daim,,Books,Seerat un Nabi,true,Title,Default Title,KW-QAZ-0208,400,shopify,100,deny,manual,4500,5600,true,false,,https://media.bookcorner.shop/uploads/6377249e6b5471668752542.jpg,1,Seerat Syed ul Wara (3 Vol),false,,,,,g,,,,,active
namoos-e-risalat-maghrib-aur-azadi-e-izhar,"Namoos e Risalat, Maghrib aur Azadi e Izhar","<p><strong>Book Title:</strong> Namoos e Risalat, Maghrib aur Azadi e Izhar</p><p><strong>Urdu Title:</strong> ناموس رسالت، مغرب اور آزادی اظہار</p><p><strong>Author:</strong> Muhammad Mateen Khalid</p><p>Beautifully printed and bound edition published by Book Corner. Ideal for readers and collectors.</p>",Muhammad Mateen Khalid,,Books,Seerat un Nabi,true,Title,Default Title,KW-MUH-0209,400,shopify,100,deny,manual,800,1000,true,false,,https://media.bookcorner.shop/uploads/60e40cdc8e87b1625558236.jpg,1,"Namoos e Risalat, Maghrib aur Azadi e Izhar",false,,,,,g,,,,,active
mamlaat-e-rasool-1,Mamlaat e Rasool,<p><strong>Book Title:</strong> Mamlaat e Rasool</p><p><strong>Urdu Title:</strong> معاملات رسول</p><p><strong>Author:</strong> Qayyum Nizami</p><p>Beautifully printed and bound edition published by Book Corner. Ideal for readers and collectors.</p>,Qayyum Nizami,,Books,Seerat un Nabi,true,Title,Default Title,KW-QAY-0210,400,shopify,100,deny,manual,1200,1500,true,false,,https://media.bookcorner.shop/uploads/6a0b0bfbc5cfc1779108859.jpg,1,Mamlaat e Rasool,false,,,,,g,,,,,active
aaqa-muhammad-pbuh,AAQA: MUHAMMAD ﷺ,<p><strong>Book Title:</strong> AAQA: MUHAMMAD ﷺ</p><p><strong>Urdu Title:</strong> آقا: محمد ﷺ</p><p><strong>Author:</strong> ABDAAL BELA</p><p>Beautifully printed and bound edition published by Book Corner. Ideal for readers and collectors.</p>,ABDAAL BELA,,Books,Seerat un Nabi,true,Title,Default Title,KW-ABD-0211,400,shopify,100,deny,manual,4200,5250,true,false,,https://media.bookcorner.shop/uploads/9693528255.jpg,1,AAQA: MUHAMMAD ﷺ,false,,,,,g,,,,,active
hazrat-junaid-baghdadi,Hazrat Junaid Baghdadi,<p><strong>Book Title:</strong> Hazrat Junaid Baghdadi</p><p><strong>Urdu Title:</strong> حضرت جنید بغدادی</p><p><strong>Author:</strong> Mirza Safdar Baig</p><p>Beautifully printed and bound edition published by Book Corner. Ideal for readers and collectors.</p>,Mirza Safdar Baig,,Books,Tasawuf,true,Title,Default Title,KW-MIR-0212,400,shopify,100,deny,manual,950,1200,true,false,,https://media.bookcorner.shop/uploads/5f2e497586c4e1596868981.jpg,1,Hazrat Junaid Baghdadi,false,,,,,g,,,,,active
shams-o-rumi,Shams o Rumi,<p><strong>Book Title:</strong> Shams o Rumi</p><p><strong>Urdu Title:</strong> شمس و رومی</p><p><strong>Author:</strong> Abdul Maalik Arvi</p><p>Beautifully printed and bound edition published by Book Corner. Ideal for readers and collectors.</p>,Abdul Maalik Arvi,,Books,Tasawuf,true,Title,Default Title,KW-ABD-0213,400,shopify,100,deny,manual,950,1200,true,false,,https://media.bookcorner.shop/uploads/5f3e5e4102cd51597922881.jpg,1,Shams o Rumi,false,,,,,g,,,,,active
sheikh-sadi-ki-batain,Sheikh Sadi Ki Batain,<p><strong>Book Title:</strong> Sheikh Sadi Ki Batain</p><p><strong>Urdu Title:</strong> شیخ سعدی کی باتیں</p><p><strong>Author:</strong> Sheikh Sadi Shirazi</p><p>Beautifully printed and bound edition published by Book Corner. Ideal for readers and collectors.</p>,Sheikh Sadi Shirazi,,Books,Tasawuf,true,Title,Default Title,KW-SHE-0214,400,shopify,100,deny,manual,900,1100,true,false,,https://media.bookcorner.shop/uploads/5f4a0ba4bf4611598688164.jpg,1,Sheikh Sadi Ki Batain,false,,,,,g,,,,,active
tarikh-e-tasawuf,Tarikh e Tasawuf,<p><strong>Book Title:</strong> Tarikh e Tasawuf</p><p><strong>Urdu Title:</strong> تاریخ تصوف</p><p><strong>Author:</strong> Molana Abdul Majid Daryabadi</p><p>Beautifully printed and bound edition published by Book Corner. Ideal for readers and collectors.</p>,Molana Abdul Majid Daryabadi,,Books,Tasawuf,true,Title,Default Title,KW-MOL-0215,400,shopify,100,deny,manual,700,900,true,false,,https://media.bookcorner.shop/uploads/5e01fa1f417cc1577187871.jpg,1,Tarikh e Tasawuf,false,,,,,g,,,,,active
tazkara-tul-oliya,Tazkara tul Oliya,<p><strong>Book Title:</strong> Tazkara tul Oliya</p><p><strong>Urdu Title:</strong> تذکرۃ الاولیاء</p><p><strong>Author:</strong> Sheikh Farid ud Din Attar</p><p>Beautifully printed and bound edition published by Book Corner. Ideal for readers and collectors.</p>,Sheikh Farid ud Din Attar,,Books,Tasawuf,true,Title,Default Title,KW-SHE-0216,400,shopify,100,deny,manual,1800,2250,true,false,,https://media.bookcorner.shop/uploads/5e7318c6381d81584601286.jpg,1,Tazkara tul Oliya,false,,,,,g,,,,,active
kasfh-ul-mahjub-urdu,Kashf ul Mahjub - Urdu,<p><strong>Book Title:</strong> Kashf ul Mahjub - Urdu</p><p><strong>Urdu Title:</strong> کشف المحجوب - اردو</p><p><strong>Author:</strong> Prof. Hameedullah Shah Hashmi</p><p>Beautifully printed and bound edition published by Book Corner. Ideal for readers and collectors.</p>,Prof. Hameedullah Shah Hashmi,,Books,Tasawuf,true,Title,Default Title,KW-PRO-0217,400,shopify,100,deny,manual,1800,2250,true,false,,https://media.bookcorner.shop/uploads/5f114531eed571594967345.jpg,1,Kashf ul Mahjub - Urdu,false,,,,,g,,,,,active
akhuwat,Akhuwat,<p><strong>Book Title:</strong> Akhuwat</p><p><strong>Urdu Title:</strong> اخوت</p><p><strong>Author:</strong> Baba Irfan ul Haq</p><p>Beautifully printed and bound edition published by Book Corner. Ideal for readers and collectors.</p>,Baba Irfan ul Haq,,Books,Tasawuf,true,Title,Default Title,KW-BAB-0218,400,shopify,100,deny,manual,1500,1900,true,false,,https://media.bookcorner.shop/uploads/64193e116af981679375889.jpg,1,Akhuwat,false,,,,,g,,,,,active
etidaal,Etidaal,<p><strong>Book Title:</strong> Etidaal</p><p><strong>Urdu Title:</strong> اعتدال</p><p><strong>Author:</strong> Baba Irfan ul Haq</p><p>Beautifully printed and bound edition published by Book Corner. Ideal for readers and collectors.</p>,Baba Irfan ul Haq,,Books,Tasawuf,true,Title,Default Title,KW-BAB-0219,400,shopify,100,deny,manual,1500,1900,true,false,,https://media.bookcorner.shop/uploads/64193e67ea8c71679375975.jpg,1,Etidaal,false,,,,,g,,,,,active
roshni,Rohsni - Baba Irfan ul Haq,<p><strong>Book Title:</strong> Rohsni - Baba Irfan ul Haq</p><p><strong>Urdu Title:</strong> روشنی</p><p><strong>Author:</strong> Baba Irfan ul Haq</p><p>Beautifully printed and bound edition published by Book Corner. Ideal for readers and collectors.</p>,Baba Irfan ul Haq,,Books,Tasawuf,true,Title,Default Title,KW-BAB-0220,400,shopify,100,deny,manual,1500,1900,true,false,,https://media.bookcorner.shop/uploads/66d3f81ddd5171725167645.jpg,1,Rohsni - Baba Irfan ul Haq,false,,,,,g,,,,,active
ishaq-nama,Ishq Nama : Shah Hussain (2nd Edition),<p><strong>Book Title:</strong> Ishq Nama : Shah Hussain (2nd Edition)</p><p><strong>Urdu Title:</strong> عشق نامہ : شاہ حسین</p><p><strong>Author:</strong> Farrukh Yar</p><p>Beautifully printed and bound edition published by Book Corner. Ideal for readers and collectors.</p>,Farrukh Yar,,Books,Tasawuf,true,Title,Default Title,KW-FAR-0221,400,shopify,100,deny,manual,2500,3100,true,false,,https://media.bookcorner.shop/uploads/6894de09880291754586633.jpg,1,Ishq Nama : Shah Hussain (2nd Edition),false,,,,,g,,,,,active
Afkar-e-Faqeer,Afkar-e-Faqeer,<p><strong>Book Title:</strong> Afkar-e-Faqeer</p><p><strong>Urdu Title:</strong> افکار فقیر</p><p><strong>Author:</strong> Syed Sarfraz A. Shah</p><p>Beautifully printed and bound edition published by Book Corner. Ideal for readers and collectors.</p>,Syed Sarfraz A. Shah,,Books,Tasawuf,true,Title,Default Title,KW-SYE-0222,400,shopify,100,deny,manual,2500,3100,true,false,,https://media.bookcorner.shop/uploads/6a154c9de10151779780765.jpg,1,Afkar-e-Faqeer,false,,,,,g,,,,,active
baat-say-baat,Baat Say Baat,<p><strong>Book Title:</strong> Baat Say Baat</p><p><strong>Urdu Title:</strong> بات سے بات</p><p><strong>Author:</strong> Wasif Ali Wasif</p><p>Beautifully printed and bound edition published by Book Corner. Ideal for readers and collectors.</p>,Wasif Ali Wasif,,Books,Tasawuf,true,Title,Default Title,KW-WAS-0223,400,shopify,100,deny,manual,600,750,true,false,,https://media.bookcorner.shop/uploads/5e08aab06b0ec1577626288.jpg,1,Baat Say Baat,false,,,,,g,,,,,active
nigah-e-wilayat,Nigah e Wilayat,<p><strong>Book Title:</strong> Nigah e Wilayat</p><p><strong>Urdu Title:</strong> نگاہ ولایت</p><p><strong>Author:</strong> Qalb Hussain Warraich</p><p>Beautifully printed and bound edition published by Book Corner. Ideal for readers and collectors.</p>,Qalb Hussain Warraich,,Books,Tasawuf,true,Title,Default Title,KW-QAL-0224,400,shopify,100,deny,manual,350,450,true,false,,https://media.bookcorner.shop/uploads/60e40d212a5a11625558305.jpg,1,Nigah e Wilayat,false,,,,,g,,,,,active
asrar-e-hayat,Asrar e Hayat,<p><strong>Book Title:</strong> Asrar e Hayat</p><p><strong>Urdu Title:</strong> اسرار حیات</p><p><strong>Author:</strong> Qalb Hussain Warraich</p><p>Beautifully printed and bound edition published by Book Corner. Ideal for readers and collectors.</p>,Qalb Hussain Warraich,,Books,Tasawuf,true,Title,Default Title,KW-QAL-0225,400,shopify,100,deny,manual,300,400,true,false,,https://media.bookcorner.shop/uploads/60e40d12af4241625558290.jpg,1,Asrar e Hayat,false,,,,,g,,,,,active
tasawaf-aur-aaj-kay-sufi,TASAWAF AUR AAJ KAY SUFI,<p><strong>Book Title:</strong> TASAWAF AUR AAJ KAY SUFI</p><p><strong>Urdu Title:</strong> تصوف اور آج کے صوفی</p><p><strong>Author:</strong> ALI ABBAS</p><p>Beautifully printed and bound edition published by Book Corner. Ideal for readers and collectors.</p>,ALI ABBAS,,Books,Tasawuf,true,Title,Default Title,KW-ALI-0226,400,shopify,100,deny,manual,1600,2000,true,false,,https://media.bookcorner.shop/uploads/9693527240.jpg,1,TASAWAF AUR AAJ KAY SUFI,false,,,,,g,,,,,active
istalahaat-e-sufia,ISTALAHAAT-E-SUFIA,<p><strong>Book Title:</strong> ISTALAHAAT-E-SUFIA</p><p><strong>Urdu Title:</strong> اصطلاحات صوفیا</p><p><strong>Author:</strong> HAZRAT KHAWAJA SHAH MUHAMMAD ABDUL SAMAD</p><p>Beautifully printed and bound edition published by Book Corner. Ideal for readers and collectors.</p>,HAZRAT KHAWAJA SHAH MUHAMMAD ABDUL SAMAD,,Books,Tasawuf,true,Title,Default Title,KW-HAZ-0227,400,shopify,100,deny,manual,400,500,true,false,,https://media.bookcorner.shop/uploads/9693524195.jpg,1,ISTALAHAAT-E-SUFIA,false,,,,,g,,,,,active
asrar-e-roohaniat,ASRAR-E-ROOHANIAT,<p><strong>Book Title:</strong> ASRAR-E-ROOHANIAT</p><p><strong>Urdu Title:</strong> اسرار روحانیت</p><p><strong>Author:</strong> PROF. MUHAMMAD ABDULLAH BHATTI</p><p>Beautifully printed and bound edition published by Book Corner. Ideal for readers and collectors.</p>,PROF. MUHAMMAD ABDULLAH BHATTI,,Books,Tasawuf,true,Title,Default Title,KW-PRO-0228,400,shopify,100,deny,manual,2800,3500,true,false,,https://media.bookcorner.shop/uploads/9693527356.jpg,1,ASRAR-E-ROOHANIAT,false,,,,,g,,,,,active
fikr-i-darvaish,FIKR-I DARVAISH,<p><strong>Book Title:</strong> FIKR-I DARVAISH</p><p><strong>Urdu Title:</strong> فکر درویش</p><p><strong>Author:</strong> PROF. MUHAMMAD ABDULLAH BHATTI</p><p>Beautifully printed and bound edition published by Book Corner. Ideal for readers and collectors.</p>,PROF. MUHAMMAD ABDULLAH BHATTI,,Books,Tasawuf,true,Title,Default Title,KW-PRO-0229,400,shopify,100,deny,manual,1600,2000,true,false,,https://media.bookcorner.shop/uploads/9693526619.jpg,1,FIKR-I DARVAISH,false,,,,,g,,,,,active
sciency-daryaftain,100 Azeem Sciency Daryaftain,<p><strong>Book Title:</strong> 100 Azeem Sciency Daryaftain</p><p><strong>Urdu Title:</strong> سو عظیم سائنسی دریافتیں</p><p><strong>Author:</strong> Malik Muhammad Shahid Iqbal</p><p>Beautifully printed and bound edition published by Book Corner. Ideal for readers and collectors.</p>,Malik Muhammad Shahid Iqbal,,Books,"Fiqh, Science, General Knowledge",true,Title,Default Title,KW-MAL-0230,400,shopify,100,deny,manual,900,1100,true,false,,https://media.bookcorner.shop/uploads/5c4ef7be0bcc11548679102.jpg,1,100 Azeem Sciency Daryaftain,false,,,,,g,,,,,active
baray-admi,39 Baray Aadmi,<p><strong>Book Title:</strong> 39 Baray Aadmi</p><p><strong>Urdu Title:</strong> 39 بڑے آدمی</p><p><strong>Author:</strong> Dale Carnegie</p><p>Beautifully printed and bound edition published by Book Corner. Ideal for readers and collectors.</p>,Dale Carnegie,,Books,"Fiqh, Biography, Translations",true,Title,Default Title,KW-DAL-0231,400,shopify,100,deny,manual,950,1200,true,false,,https://media.bookcorner.shop/uploads/6437a16a5e11e1681367402.jpg,1,39 Baray Aadmi,false,,,,,g,,,,,active
adab-e-mubashrat,Adab e Mubashrat,<p><strong>Book Title:</strong> Adab e Mubashrat</p><p><strong>Urdu Title:</strong> آداب مباشرت</p><p><strong>Author:</strong> Dr. Aftab Ahmed Shah</p><p>Beautifully printed and bound edition published by Book Corner. Ideal for readers and collectors.</p>,Dr. Aftab Ahmed Shah,,Books,Fiqh,true,Title,Default Title,KW-DR.-0232,400,shopify,100,deny,manual,250,300,true,false,,https://media.bookcorner.shop/uploads/7.jpg,1,Adab e Mubashrat,false,,,,,g,,,,,active
afkar-e-iqbal,Afkar e Iqbal,<p><strong>Book Title:</strong> Afkar e Iqbal</p><p><strong>Urdu Title:</strong> افکار اقبال</p><p><strong>Author:</strong> Khawaja Ijaz Ahmed Butt</p><p>Beautifully printed and bound edition published by Book Corner. Ideal for readers and collectors.</p>,Khawaja Ijaz Ahmed Butt,,Books,"Fiqh, Philosophy",true,Title,Default Title,KW-KHA-0233,400,shopify,100,deny,manual,380,500,true,false,,https://media.bookcorner.shop/uploads/5c4e9ab32852a1548655283.jpg,1,Afkar e Iqbal,false,,,,,g,,,,,active
ahkam-e-qurbani-o-aqeeqa,Ahkam e Qurbani o Aqeeqa,<p><strong>Book Title:</strong> Ahkam e Qurbani o Aqeeqa</p><p><strong>Urdu Title:</strong> احکامِ قربانی و عقیقہ</p><p><strong>Author:</strong> Haji Nazar Hussain</p><p>Beautifully printed and bound edition published by Book Corner. Ideal for readers and collectors.</p>,Haji Nazar Hussain,,Books,Fiqh,true,Title,Default Title,KW-HAJ-0234,400,shopify,100,deny,manual,120,150,true,false,,https://media.bookcorner.shop/uploads/9.jpg,1,Ahkam e Qurbani o Aqeeqa,false,,,,,g,,,,,active
aik-qatra-khoon,Aik Qatra Khoon,<p><strong>Book Title:</strong> Aik Qatra Khoon</p><p><strong>Urdu Title:</strong> ایک قطرہ خون (واقعہ کربلا)</p><p><strong>Author:</strong> Ismat Chughtai</p><p>Beautifully printed and bound edition published by Book Corner. Ideal for readers and collectors.</p>,Ismat Chughtai,,Books,Fiqh,true,Title,Default Title,KW-ISM-0235,400,shopify,100,deny,manual,950,1200,true,false,,https://media.bookcorner.shop/uploads/611e1a827c0211629362818.jpg,1,Aik Qatra Khoon,false,,,,,g,,,,,active
amraz-e-naswan,Amraz e Naswan,<p><strong>Book Title:</strong> Amraz e Naswan</p><p><strong>Urdu Title:</strong> امراض نسواں، اپنا علاج خود کیجیے</p><p><strong>Author:</strong> Dr. Shehzada M.A Butt</p><p>Beautifully printed and bound edition published by Book Corner. Ideal for readers and collectors.</p>,Dr. Shehzada M.A Butt,,Books,Fiqh,true,Title,Default Title,KW-DR.-0236,400,shopify,100,deny,manual,380,500,true,false,,https://media.bookcorner.shop/uploads/286.jpg,1,Amraz e Naswan,false,,,,,g,,,,,active
anwaar-suheli-ki-kehaniyan,Anwaar Suheli ki Kehaniyan,<p><strong>Book Title:</strong> Anwaar Suheli ki Kehaniyan</p><p><strong>Urdu Title:</strong> انوار سہیلی کی کی کہانیاں</p><p><strong>Author:</strong> Mulla Hussain Wayz Kashfi</p><p>Beautifully printed and bound edition published by Book Corner. Ideal for readers and collectors.</p>,Mulla Hussain Wayz Kashfi,,Books,"Fiqh, Children",true,Title,Default Title,KW-MUL-0237,400,shopify,100,deny,manual,380,500,true,false,,https://media.bookcorner.shop/uploads/251.jpg,1,Anwaar Suheli ki Kehaniyan,false,,,,,g,,,,,active
asan-namaz,Asan Namaz,<p><strong>Book Title:</strong> Asan Namaz</p><p><strong>Urdu Title:</strong> آسان نماز</p><p><strong>Author:</strong> Qari Shabir Ahmed Usmani</p><p>Beautifully printed and bound edition published by Book Corner. Ideal for readers and collectors.</p>,Qari Shabir Ahmed Usmani,,Books,Fiqh,true,Title,Default Title,KW-QAR-0238,400,shopify,100,deny,manual,300,400,true,false,,https://media.bookcorner.shop/uploads/5c4ecf7a967e41548668794.jpg,1,Asan Namaz,false,,,,,g,,,,,active
asan-urdu-grammer,Asan Urdu Grammer,<p><strong>Book Title:</strong> Asan Urdu Grammer</p><p><strong>Urdu Title:</strong> آسان اردو گریمر</p><p><strong>Author:</strong> Dr. Molvi Abdul Haq</p><p>Beautifully printed and bound edition published by Book Corner. Ideal for readers and collectors.</p>,Dr. Molvi Abdul Haq,,Books,Fiqh,true,Title,Default Title,KW-DR.-0239,400,shopify,100,deny,manual,400,500,true,false,,https://media.bookcorner.shop/uploads/610ea187243881628348807.jpg,1,Asan Urdu Grammer,false,,,,,g,,,,,active
chand-hum-asar-iqbal-shinas,Chand Hum Asar Iqbal Shinas,<p><strong>Book Title:</strong> Chand Hum Asar Iqbal Shinas</p><p><strong>Urdu Title:</strong> چند ہم عصر اقبال شناس</p><p><strong>Author:</strong> Dr. Haroon Rasheed Tabassum</p><p>Beautifully printed and bound edition published by Book Corner. Ideal for readers and collectors.</p>,Dr. Haroon Rasheed Tabassum,,Books,Biography,true,Title,Default Title,KW-DR.-0240,400,shopify,100,deny,manual,2500,3100,true,false,,https://media.bookcorner.shop/uploads/5c4ee711395f51548674833.jpg,1,Chand Hum Asar Iqbal Shinas,false,,,,,g,,,,,active
chand-na-qabil-e-faramosh-shakhsiyat,Chand Na Qabil e Faramosh Shakhsiyat,<p><strong>Book Title:</strong> Chand Na Qabil e Faramosh Shakhsiyat</p><p><strong>Urdu Title:</strong> چند ناقابل فراموش شخصیات</p><p><strong>Author:</strong> Munshi Abdur Rehman Khan</p><p>Beautifully printed and bound edition published by Book Corner. Ideal for readers and collectors.</p>,Munshi Abdur Rehman Khan,,Books,Biography,true,Title,Default Title,KW-MUN-0241,400,shopify,100,deny,manual,800,1000,true,false,,https://media.bookcorner.shop/uploads/5c4ee741e4a201548674881.jpg,1,Chand Na Qabil e Faramosh Shakhsiyat,false,,,,,g,,,,,active
gulzar-wohh-jo-shayr-hai,Gulzar - Wohh jo Shayr Hai,<p><strong>Book Title:</strong> Gulzar - Wohh jo Shayr Hai</p><p><strong>Urdu Title:</strong> گلزار - وہ جو شاعر ہے</p><p><strong>Author:</strong> Shama Kazmi</p><p>Beautifully printed and bound edition published by Book Corner. Ideal for readers and collectors.</p>,Shama Kazmi,,Books,Biography,true,Title,Default Title,KW-SHA-0242,400,shopify,100,deny,manual,800,1000,true,false,,https://media.bookcorner.shop/uploads/5c4efb4adf03c1548680010.jpg,1,Gulzar - Wohh jo Shayr Hai,false,,,,,g,,,,,active
begmat-kay-aansu,Begmat Kay Aansu,<p><strong>Book Title:</strong> Begmat Kay Aansu</p><p><strong>Urdu Title:</strong> بیگمات کے آنسو</p><p><strong>Author:</strong> Khawaja Hassan Nizami</p><p>Beautifully printed and bound edition published by Book Corner. Ideal for readers and collectors.</p>,Khawaja Hassan Nizami,,Books,Short Stories,true,Title,Default Title,KW-KHA-0243,400,shopify,100,deny,manual,600,750,true,false,,https://media.bookcorner.shop/uploads/23.jpg,1,Begmat Kay Aansu,false,,,,,g,,,,,active
dehshat-may-mohabbat,Dehshat May Mohabbat,<p><strong>Book Title:</strong> Dehshat May Mohabbat</p><p><strong>Urdu Title:</strong> دہشت میں محبت</p><p><strong>Author:</strong> Muhammad Hameed Shahid</p><p>Beautifully printed and bound edition published by Book Corner. Ideal for readers and collectors.</p>,Muhammad Hameed Shahid,,Books,Short Stories,true,Title,Default Title,KW-MUH-0244,400,shopify,100,deny,manual,380,500,true,false,,https://media.bookcorner.shop/uploads/5c502f9bb23671548758939.jpg,1,Dehshat May Mohabbat,false,,,,,g,,,,,active
rajinder-singh-bedi-muntakhib-afsanay,Rajinder Singh Bedi - Muntakhib Afsanay,<p><strong>Book Title:</strong> Rajinder Singh Bedi - Muntakhib Afsanay</p><p><strong>Urdu Title:</strong> راجندر سنگھ بیدی (منتخب افسانے)</p><p><strong>Author:</strong> Rajinder Singh Bedi</p><p>Beautifully printed and bound edition published by Book Corner. Ideal for readers and collectors.</p>,Rajinder Singh Bedi,,Books,Short Stories,true,Title,Default Title,KW-RAJ-0245,400,shopify,100,deny,manual,1250,1550,true,false,,https://media.bookcorner.shop/uploads/5c4ef96c900131548679532.jpg,1,Rajinder Singh Bedi - Muntakhib Afsanay,false,,,,,g,,,,,active
qala-band-shahzadi,Qala Band Shahzadi,<p><strong>Book Title:</strong> Qala Band Shahzadi</p><p><strong>Urdu Title:</strong> قلعہ بند شہزادی</p><p><strong>Author:</strong> Moazzama Tanvir</p><p>Beautifully printed and bound edition published by Book Corner. Ideal for readers and collectors.</p>,Moazzama Tanvir,,Books,Short Stories,true,Title,Default Title,KW-MOA-0246,400,shopify,100,deny,manual,500,600,true,false,,https://media.bookcorner.shop/uploads/5c503020e5c041548759072.jpg,1,Qala Band Shahzadi,false,,,,,g,,,,,active
naqsh-gar,Naqsh Gar,<p><strong>Book Title:</strong> Naqsh Gar</p><p><strong>Urdu Title:</strong> نقش گر</p><p><strong>Author:</strong> Muhammad Hamid Siraj</p><p>Beautifully printed and bound edition published by Book Corner. Ideal for readers and collectors.</p>,Muhammad Hamid Siraj,,Books,Short Stories,true,Title,Default Title,KW-MUH-0247,400,shopify,100,deny,manual,1250,1550,true,false,,https://media.bookcorner.shop/uploads/5d32d580dd2b71563612544.jpg,1,Naqsh Gar,false,,,,,g,,,,,active
sans-lenay-may-dard-hota-hai,Sans Lenay May Dard Hota Hai,<p><strong>Book Title:</strong> Sans Lenay May Dard Hota Hai</p><p><strong>Urdu Title:</strong> سانس لینے میں درد ہوتا ہے</p><p><strong>Author:</strong> Muhammad Hameed Shahid</p><p>Beautifully printed and bound edition published by Book Corner. Ideal for readers and collectors.</p>,Muhammad Hameed Shahid,,Books,Short Stories,true,Title,Default Title,KW-MUH-0248,400,shopify,100,deny,manual,600,750,true,false,,https://media.bookcorner.shop/uploads/5e4bed662df241582034278.jpg,1,Sans Lenay May Dard Hota Hai,false,,,,,g,,,,,active
aalmi-tarajim-muntakhib-afsanay,Aalmi Tarajim - Muntakhib Afsanay,<p><strong>Book Title:</strong> Aalmi Tarajim - Muntakhib Afsanay</p><p><strong>Urdu Title:</strong> عالمی تراجم ۔ منتخب افسانے</p><p><strong>Author:</strong> Naseer Ahmed Nasir</p><p>Beautifully printed and bound edition published by Book Corner. Ideal for readers and collectors.</p>,Naseer Ahmed Nasir,,Books,Short Stories,true,Title,Default Title,KW-NAS-0249,400,shopify,100,deny,manual,600,750,true,false,,https://media.bookcorner.shop/uploads/5e6383e3d5d541583580131.jpg,1,Aalmi Tarajim - Muntakhib Afsanay,false,,,,,g,,,,,active
sab-rang-kehaniyan,Sab Rang Kahaniyan (Vol: 1),<p><strong>Book Title:</strong> Sab Rang Kahaniyan (Vol: 1)</p><p><strong>Urdu Title:</strong> سب رنگ کہانیاں (والیم 1)</p><p><strong>Author:</strong> Shakeel Adil Zadah Ka Nigarkhana</p><p>Beautifully printed and bound edition published by Book Corner. Ideal for readers and collectors.</p>,Shakeel Adil Zadah Ka Nigarkhana,,Books,Short Stories,true,Title,Default Title,KW-SHA-0250,400,shopify,100,deny,manual,1995,2500,true,false,,https://media.bookcorner.shop/uploads/68d664e45bb121758880996.jpg,1,Sab Rang Kahaniyan (Vol: 1),false,,,,,g,,,,,active
qaim-din,Qaim Deen,<p><strong>Book Title:</strong> Qaim Deen</p><p><strong>Urdu Title:</strong> قائم دین</p><p><strong>Author:</strong> Ali Akbar Natiq</p><p>Beautifully printed and bound edition published by Book Corner. Ideal for readers and collectors.</p>,Ali Akbar Natiq,,Books,Short Stories,true,Title,Default Title,KW-ALI-0251,400,shopify,100,deny,manual,500,600,true,false,,https://media.bookcorner.shop/uploads/5f7348e97133f1601390825.jpg,1,Qaim Deen,false,,,,,g,,,,,active
srk-2,Sab Rang Kahaniyan (Vol: 2),<p><strong>Book Title:</strong> Sab Rang Kahaniyan (Vol: 2)</p><p><strong>Urdu Title:</strong> سب رنگ کہانیاں (والیم 2)</p><p><strong>Author:</strong> Shakeel Adil Zadah Ka Nigarkhana</p><p>Beautifully printed and bound edition published by Book Corner. Ideal for readers and collectors.</p>,Shakeel Adil Zadah Ka Nigarkhana,,Books,Short Stories,true,Title,Default Title,KW-SHA-0252,400,shopify,100,deny,manual,1995,2500,true,false,,https://media.bookcorner.shop/uploads/67a30fcca4ae51738739660.jpg,1,Sab Rang Kahaniyan (Vol: 2),false,,,,,g,,,,,active
zangaar,Zangaar,<p><strong>Book Title:</strong> Zangaar</p><p><strong>Urdu Title:</strong> زنگار</p><p><strong>Author:</strong> Aamir Khakwani</p><p>Beautifully printed and bound edition published by Book Corner. Ideal for readers and collectors.</p>,Aamir Khakwani,,Books,"Short Stories, Essays",true,Title,Default Title,KW-AAM-0253,400,shopify,100,deny,manual,1800,2250,true,false,,https://media.bookcorner.shop/uploads/5fcb93164f9e61607176982.jpg,1,Zangaar,false,,,,,g,,,,,active
majmua-shams,"Majmua Shamsur Rahman Faruqi (Afsany, Novel, Daramy, Tarajim)","<p><strong>Book Title:</strong> Majmua Shamsur Rahman Faruqi (Afsany, Novel, Daramy, Tarajim)</p><p><strong>Urdu Title:</strong> مجموعہ شمس الرحمٰن فاروقی (افسانے، ناول، ڈرامے، تراجم)</p><p><strong>Author:</strong> Shamsur Rahman Faruqi</p><p>Beautifully printed and bound edition published by Book Corner. Ideal for readers and collectors.</p>",Shamsur Rahman Faruqi,,Books,Short Stories,true,Title,Default Title,KW-SHA-0254,400,shopify,100,deny,manual,3000,3750,true,false,,https://media.bookcorner.shop/uploads/601a7b6dbd5ec1612348269.jpg,1,"Majmua Shamsur Rahman Faruqi (Afsany, Novel, Daramy, Tarajim)",false,,,,,g,,,,,active
hum-wehshi-hain,Hum Wehshi Hain,<p><strong>Book Title:</strong> Hum Wehshi Hain</p><p><strong>Urdu Title:</strong> ہم وحشی ہیں</p><p><strong>Author:</strong> Krishan Chander</p><p>Beautifully printed and bound edition published by Book Corner. Ideal for readers and collectors.</p>,Krishan Chander,,Books,Short Stories,true,Title,Default Title,KW-KRI-0255,400,shopify,100,deny,manual,700,900,true,false,,https://media.bookcorner.shop/uploads/60324d4464c031613909316.jpg,1,Hum Wehshi Hain,false,,,,,g,,,,,active
shah-jamal-ka-mujawir,Shah Jamal Ka Mujawir,<p><strong>Book Title:</strong> Shah Jamal Ka Mujawir</p><p><strong>Urdu Title:</strong> شاہ جمال کا مجاور</p><p><strong>Author:</strong> Rauf Klasra</p><p>Beautifully printed and bound edition published by Book Corner. Ideal for readers and collectors.</p>,Rauf Klasra,,Books,"Short Stories, Essays",true,Title,Default Title,KW-RAU-0256,400,shopify,100,deny,manual,800,1000,true,false,,https://media.bookcorner.shop/uploads/603f4226d4b651614758438.jpg,1,Shah Jamal Ka Mujawir,false,,,,,g,,,,,active
srk-3,Sab Rang Kahaniyan (Vol: 3),<p><strong>Book Title:</strong> Sab Rang Kahaniyan (Vol: 3)</p><p><strong>Urdu Title:</strong> سب رنگ کہانیاں (والیم 3)</p><p><strong>Author:</strong> Shakeel Adil Zadah Ka Nigarkhana</p><p>Beautifully printed and bound edition published by Book Corner. Ideal for readers and collectors.</p>,Shakeel Adil Zadah Ka Nigarkhana,,Books,Short Stories,true,Title,Default Title,KW-SHA-0257,400,shopify,100,deny,manual,1995,2500,true,false,,https://media.bookcorner.shop/uploads/67a30fadbd9881738739629.jpg,1,Sab Rang Kahaniyan (Vol: 3),false,,,,,g,,,,,active
masoom-aur-pareechay,Masoom aur Pareechay,<p><strong>Book Title:</strong> Masoom aur Pareechay</p><p><strong>Urdu Title:</strong> معصوم اور پریچے</p><p><strong>Author:</strong> Gulzar</p><p>Beautifully printed and bound edition published by Book Corner. Ideal for readers and collectors.</p>,Gulzar,,Books,Drama,true,Title,Default Title,KW-GUL-0258,400,shopify,100,deny,manual,600,750,true,false,,https://media.bookcorner.shop/uploads/5c4ef9ee128cb1548679662.jpg,1,Masoom aur Pareechay,false,,,,,g,,,,,active
pari-vash,Zikar Us Pari-vash Ka,<p><strong>Book Title:</strong> Zikar Us Pari-vash Ka</p><p><strong>Urdu Title:</strong> ذکر اس پری وش کا</p><p><strong>Author:</strong> George Bernard Shaw</p><p>Beautifully printed and bound edition published by Book Corner. Ideal for readers and collectors.</p>,George Bernard Shaw,,Books,Drama,true,Title,Default Title,KW-GEO-0259,400,shopify,100,deny,manual,999,1250,true,false,,https://media.bookcorner.shop/uploads/65d6008a97dcb1708523658.jpg,1,Zikar Us Pari-vash Ka,false,,,,,g,,,,,active
neel-pankh,Neel Pankh,<p><strong>Book Title:</strong> Neel Pankh</p><p><strong>Urdu Title:</strong> نیل پنکھ</p><p><strong>Author:</strong> Maurice Maeterlinck</p><p>Beautifully printed and bound edition published by Book Corner. Ideal for readers and collectors.</p>,Maurice Maeterlinck,,Books,Drama,true,Title,Default Title,KW-MAU-0260,400,shopify,100,deny,manual,2000,2500,true,false,,https://media.bookcorner.shop/uploads/652a64c347f631697277123.jpg,1,Neel Pankh,false,,,,,g,,,,,active
waris-se-bandagi-tak,Waris Se Bandagi Tak,<p><strong>Book Title:</strong> Waris Se Bandagi Tak</p><p><strong>Urdu Title:</strong> وارث سے بندگی تک</p><p><strong>Author:</strong> Dr. Shahida Rasool</p><p>Beautifully printed and bound edition published by Book Corner. Ideal for readers and collectors.</p>,Dr. Shahida Rasool,,Books,Drama,true,Title,Default Title,KW-DR.-0261,400,shopify,100,deny,manual,995,1250,true,false,,https://media.bookcorner.shop/uploads/618bbdd2829d21636548050.jpg,1,Waris Se Bandagi Tak,false,,,,,g,,,,,active
anar-kali,Anarkali,<p><strong>Book Title:</strong> Anarkali</p><p><strong>Urdu Title:</strong> انارکلی</p><p><strong>Author:</strong> Syed Imtiaz Ali Taj</p><p>Beautifully printed and bound edition published by Book Corner. Ideal for readers and collectors.</p>,Syed Imtiaz Ali Taj,,Books,Drama,true,Title,Default Title,KW-SYE-0262,400,shopify,100,deny,manual,700,900,true,false,,https://media.bookcorner.shop/uploads/6141b50fc29b81631696143.jpg,1,Anarkali,false,,,,,g,,,,,active
miratul-uroos-umera-ahmed,Miratul Uroos (Umera Ahmed),<p><strong>Book Title:</strong> Miratul Uroos (Umera Ahmed)</p><p><strong>Urdu Title:</strong> مراۃ العروس (عمیرہ احمد)</p><p><strong>Author:</strong> Umera Ahmed</p><p>Beautifully printed and bound edition published by Book Corner. Ideal for readers and collectors.</p>,Umera Ahmed,,Books,Drama,true,Title,Default Title,KW-UME-0263,400,shopify,100,deny,manual,1000,1250,true,false,,https://media.bookcorner.shop/uploads/65f69d54017131710660948.jpg,1,Miratul Uroos (Umera Ahmed),false,,,,,g,,,,,active
khuda-aur-mohabbat,Khuda aur Mohabbat,<p><strong>Book Title:</strong> Khuda aur Mohabbat</p><p><strong>Urdu Title:</strong> خدا اور محبت</p><p><strong>Author:</strong> Hashim Nadeem</p><p>Beautifully printed and bound edition published by Book Corner. Ideal for readers and collectors.</p>,Hashim Nadeem,,Books,Drama,true,Title,Default Title,KW-HAS-0264,400,shopify,100,deny,manual,1500,1900,true,false,,https://media.bookcorner.shop/uploads/5c51807f204701548845183.jpg,1,Khuda aur Mohabbat,false,,,,,g,,,,,active
mery-50-pasandeda-seen,Mery 50 Pasandeda Seen,<p><strong>Book Title:</strong> Mery 50 Pasandeda Seen</p><p><strong>Urdu Title:</strong> میرے پچاس پسندیدہ سین</p><p><strong>Author:</strong> Umera Ahmed</p><p>Beautifully printed and bound edition published by Book Corner. Ideal for readers and collectors.</p>,Umera Ahmed,,Books,Drama,true,Title,Default Title,KW-UME-0265,400,shopify,100,deny,manual,400,500,true,false,,https://media.bookcorner.shop/uploads/60fe6ceb2876d1627286763.jpg,1,Mery 50 Pasandeda Seen,false,,,,,g,,,,,active
wapsi,Wapsi,<p><strong>Book Title:</strong> Wapsi</p><p><strong>Urdu Title:</strong> واپسی</p><p><strong>Author:</strong> Umera Ahmed</p><p>Beautifully printed and bound edition published by Book Corner. Ideal for readers and collectors.</p>,Umera Ahmed,,Books,Drama,true,Title,Default Title,KW-UME-0266,400,shopify,100,deny,manual,500,600,true,false,,https://media.bookcorner.shop/uploads/65f69c537ebb61710660691.jpg,1,Wapsi,false,,,,,g,,,,,active
doraha,Doraha,<p><strong>Book Title:</strong> Doraha</p><p><strong>Urdu Title:</strong> دوراہا</p><p><strong>Author:</strong> Umera Ahmed</p><p>Beautifully printed and bound edition published by Book Corner. Ideal for readers and collectors.</p>,Umera Ahmed,,Books,Drama,true,Title,Default Title,KW-UME-0267,400,shopify,100,deny,manual,800,1000,true,false,,https://media.bookcorner.shop/uploads/65f69ba29da1d1710660514.jpg,1,Doraha,false,,,,,g,,,,,active
uraan,Uraan,<p><strong>Book Title:</strong> Uraan</p><p><strong>Urdu Title:</strong> اڑان</p><p><strong>Author:</strong> Umera Ahmed</p><p>Beautifully printed and bound edition published by Book Corner. Ideal for readers and collectors.</p>,Umera Ahmed,,Books,Drama,true,Title,Default Title,KW-UME-0268,400,shopify,100,deny,manual,800,1000,true,false,,https://media.bookcorner.shop/uploads/65f69c932b1841710660755.jpg,1,Uraan,false,,,,,g,,,,,active
qaid-e-tanhai,Qaid e Tanhai,<p><strong>Book Title:</strong> Qaid e Tanhai</p><p><strong>Urdu Title:</strong> قید تنہائی</p><p><strong>Author:</strong> Umera Ahmed</p><p>Beautifully printed and bound edition published by Book Corner. Ideal for readers and collectors.</p>,Umera Ahmed,,Books,Drama,true,Title,Default Title,KW-UME-0269,400,shopify,100,deny,manual,1200,1500,true,false,,https://media.bookcorner.shop/uploads/646f0cf4ebca41684999412.jpg,1,Qaid e Tanhai,false,,,,,g,,,,,active
chand-say-pehly,Chand Say Pehly,<p><strong>Book Title:</strong> Chand Say Pehly</p><p><strong>Urdu Title:</strong> چاند سے پہلے</p><p><strong>Author:</strong> Umera Ahmed</p><p>Beautifully printed and bound edition published by Book Corner. Ideal for readers and collectors.</p>,Umera Ahmed,,Books,Drama,true,Title,Default Title,KW-UME-0270,400,shopify,100,deny,manual,300,400,true,false,,https://media.bookcorner.shop/uploads/65f69cf86af341710660856.jpg,1,Chand Say Pehly,false,,,,,g,,,,,active
raqs-e-bismal,Raqs e Bismal,<p><strong>Book Title:</strong> Raqs e Bismal</p><p><strong>Urdu Title:</strong> رقص بسمل</p><p><strong>Author:</strong> Hashim Nadeem</p><p>Beautifully printed and bound edition published by Book Corner. Ideal for readers and collectors.</p>,Hashim Nadeem,,Books,Drama,true,Title,Default Title,KW-HAS-0271,400,shopify,100,deny,manual,2000,2500,true,false,,https://media.bookcorner.shop/uploads/615d9ed0749571633525456.jpg,1,Raqs e Bismal,false,,,,,g,,,,,active
khawaboon-kay-musafir,KHAWABOON KAY MUSAFIR,<p><strong>Book Title:</strong> KHAWABOON KAY MUSAFIR</p><p><strong>Urdu Title:</strong> خوابوں کے مسافر</p><p><strong>Author:</strong> INTIZAR HUSSAIN</p><p>Beautifully printed and bound edition published by Book Corner. Ideal for readers and collectors.</p>,INTIZAR HUSSAIN,,Books,Drama,true,Title,Default Title,KW-INT-0272,400,shopify,100,deny,manual,1200,1500,true,false,,https://media.bookcorner.shop/uploads/9693529170.jpg,1,KHAWABOON KAY MUSAFIR,false,,,,,g,,,,,active
manto-dramay,MANTO DRAMAY,<p><strong>Book Title:</strong> MANTO DRAMAY</p><p><strong>Urdu Title:</strong> منٹو ڈرامے</p><p><strong>Author:</strong> Saadat Hassan Manto</p><p>Beautifully printed and bound edition published by Book Corner. Ideal for readers and collectors.</p>,Saadat Hassan Manto,,Books,Drama,true,Title,Default Title,KW-SAA-0273,400,shopify,100,deny,manual,2800,3500,true,false,,https://media.bookcorner.shop/uploads/614589052974d1631947013.jpg,1,MANTO DRAMAY,false,,,,,g,,,,,active
gardbaad,GARDBAAD,<p><strong>Book Title:</strong> GARDBAAD</p><p><strong>Urdu Title:</strong> گردباد</p><p><strong>Author:</strong> ORIYA MAQBOOL JAN</p><p>Beautifully printed and bound edition published by Book Corner. Ideal for readers and collectors.</p>,ORIYA MAQBOOL JAN,,Books,Drama,true,Title,Default Title,KW-ORI-0274,400,shopify,100,deny,manual,500,600,true,false,,https://media.bookcorner.shop/uploads/969352666X.jpg,1,GARDBAAD,false,,,,,g,,,,,active
shehpar,SHEHPAR,<p><strong>Book Title:</strong> SHEHPAR</p><p><strong>Urdu Title:</strong> شہپر</p><p><strong>Author:</strong> Mustansar Hussain Tarar</p><p>Beautifully printed and bound edition published by Book Corner. Ideal for readers and collectors.</p>,Mustansar Hussain Tarar,,Books,Drama,true,Title,Default Title,KW-MUS-0275,400,shopify,100,deny,manual,500,600,true,false,,https://media.bookcorner.shop/uploads/9693509587.jpg,1,SHEHPAR,false,,,,,g,,,,,active
parwaz,PARWAZ,<p><strong>Book Title:</strong> PARWAZ</p><p><strong>Urdu Title:</strong> پرواز</p><p><strong>Author:</strong> Mustansar Hussain Tarar</p><p>Beautifully printed and bound edition published by Book Corner. Ideal for readers and collectors.</p>,Mustansar Hussain Tarar,,Books,Drama,true,Title,Default Title,KW-MUS-0276,400,shopify,100,deny,manual,800,1000,true,false,,https://media.bookcorner.shop/uploads/9693502639.jpg,1,PARWAZ,false,,,,,g,,,,,active
moorat,MOORAT,<p><strong>Book Title:</strong> MOORAT</p><p><strong>Urdu Title:</strong> مورت</p><p><strong>Author:</strong> Mustansar Hussain Tarar</p><p>Beautifully printed and bound edition published by Book Corner. Ideal for readers and collectors.</p>,Mustansar Hussain Tarar,,Books,Drama,true,Title,Default Title,KW-MUS-0277,400,shopify,100,deny,manual,1200,1500,true,false,,https://media.bookcorner.shop/uploads/9693500024.jpg,1,MOORAT,false,,,,,g,,,,,active
lucknow-say-lahore,Lucknow Say Lahore,<p><strong>Book Title:</strong> Lucknow Say Lahore</p><p><strong>Urdu Title:</strong> لکھنو سے لاہور</p><p><strong>Author:</strong> Shaukat Thanvi</p><p>Beautifully printed and bound edition published by Book Corner. Ideal for readers and collectors.</p>,Shaukat Thanvi,,Books,Essays,true,Title,Default Title,KW-SHA-0278,400,shopify,100,deny,manual,800,1000,true,false,,https://media.bookcorner.shop/uploads/60262fabb03df1613115307.jpg,1,Lucknow Say Lahore,false,,,,,g,,,,,active
such-ki-talash-may,Such ki Talash May,<p><strong>Book Title:</strong> Such ki Talash May</p><p><strong>Urdu Title:</strong> سچ کی تلاش میں</p><p><strong>Author:</strong> Amjad Islam Amjad</p><p>Beautifully printed and bound edition published by Book Corner. Ideal for readers and collectors.</p>,Amjad Islam Amjad,,Books,Essays,true,Title,Default Title,KW-AMJ-0279,400,shopify,100,deny,manual,900,1100,true,false,,https://media.bookcorner.shop/uploads/5d29e64a72d581563027018.jpg,1,Such ki Talash May,false,,,,,g,,,,,active
almi-nasri-adab-vol-3,Aalami Nasri Adab (Vol: 3),<p><strong>Book Title:</strong> Aalami Nasri Adab (Vol: 3)</p><p><strong>Urdu Title:</strong> عالمی نثری ادب (جلد سوم)</p><p><strong>Author:</strong> Ashar Najmi</p><p>Beautifully printed and bound edition published by Book Corner. Ideal for readers and collectors.</p>,Ashar Najmi,,Books,Essays,true,Title,Default Title,KW-ASH-0280,400,shopify,100,deny,manual,2500,3100,true,false,,https://media.bookcorner.shop/uploads/606efdf458dee1617886708.jpg,1,Aalami Nasri Adab (Vol: 3),false,,,,,g,,,,,active
almi-nasri-adab-vol-2,Aalami Nasri Adab (Vol: 2),<p><strong>Book Title:</strong> Aalami Nasri Adab (Vol: 2)</p><p><strong>Urdu Title:</strong> عالمی نثری ادب (جلد دوم)</p><p><strong>Author:</strong> Ashar Najmi</p><p>Beautifully printed and bound edition published by Book Corner. Ideal for readers and collectors.</p>,Ashar Najmi,,Books,Essays,true,Title,Default Title,KW-ASH-0281,400,shopify,100,deny,manual,2500,3100,true,false,,https://media.bookcorner.shop/uploads/606efe2c0df441617886764.jpg,1,Aalami Nasri Adab (Vol: 2),false,,,,,g,,,,,active
almi-nasri-adab-vol-1,Aalami Nasri Adab (Vol: 1),<p><strong>Book Title:</strong> Aalami Nasri Adab (Vol: 1)</p><p><strong>Urdu Title:</strong> عالمی نثری ادب (جلد اوّل)</p><p><strong>Author:</strong> Ashar Najmi</p><p>Beautifully printed and bound edition published by Book Corner. Ideal for readers and collectors.</p>,Ashar Najmi,,Books,Essays,true,Title,Default Title,KW-ASH-0282,400,shopify,100,deny,manual,2500,3100,true,false,,https://media.bookcorner.shop/uploads/670397af393bf1728288687.jpg,1,Aalami Nasri Adab (Vol: 1),false,,,,,g,,,,,active
dunya-badal-rahi-hai,Dunya Badal Rahi Hai,<p><strong>Book Title:</strong> Dunya Badal Rahi Hai</p><p><strong>Urdu Title:</strong> دنیا بدل رہی ہے</p><p><strong>Author:</strong> Syed Tariq Mahmood-ul-Hassan</p><p>Beautifully printed and bound edition published by Book Corner. Ideal for readers and collectors.</p>,Syed Tariq Mahmood-ul-Hassan,,Books,"Essays, Politics",true,Title,Default Title,KW-SYE-0283,400,shopify,100,deny,manual,1195,1500,true,false,,https://media.bookcorner.shop/uploads/60caf72d3d6281623914285.jpg,1,Dunya Badal Rahi Hai,false,,,,,g,,,,,active
zamistan-ki-barish,Zamistan Ki Barish,<p><strong>Book Title:</strong> Zamistan Ki Barish</p><p><strong>Urdu Title:</strong> زمستاں کی بارش</p><p><strong>Author:</strong> Khalid Masood Khan</p><p>Beautifully printed and bound edition published by Book Corner. Ideal for readers and collectors.</p>,Khalid Masood Khan,,Books,Essays,true,Title,Default Title,KW-KHA-0284,400,shopify,100,deny,manual,995,1250,true,false,,https://media.bookcorner.shop/uploads/61584cd1dda171633176785.jpg,1,Zamistan Ki Barish,false,,,,,g,,,,,active
jo-dekha,"Jo Dekha, Jo Suna, Jo Beeta","<p><strong>Book Title:</strong> Jo Dekha, Jo Suna, Jo Beeta</p><p><strong>Urdu Title:</strong> جو دیکھا، جو سنا، جو بیتا</p><p><strong>Author:</strong> Salma Awan</p><p>Beautifully printed and bound edition published by Book Corner. Ideal for readers and collectors.</p>",Salma Awan,,Books,Essays,true,Title,Default Title,KW-SAL-0285,400,shopify,100,deny,manual,800,1000,true,false,,https://media.bookcorner.shop/uploads/621a126b3a6d11645875819.jpg,1,"Jo Dekha, Jo Suna, Jo Beeta",false,,,,,g,,,,,active
sochte-hain,Sochte Hain (2nd Edition),<p><strong>Book Title:</strong> Sochte Hain (2nd Edition)</p><p><strong>Urdu Title:</strong> سوچتے ہیں</p><p><strong>Author:</strong> Husnain Jamal</p><p>Beautifully printed and bound edition published by Book Corner. Ideal for readers and collectors.</p>,Husnain Jamal,,Books,Essays,true,Title,Default Title,KW-HUS-0286,400,shopify,100,deny,manual,1250,1550,true,false,,https://media.bookcorner.shop/uploads/685d0dfbd22911750928891.jpg,1,Sochte Hain (2nd Edition),false,,,,,g,,,,,active
black-white,Black & White,<p><strong>Book Title:</strong> Black & White</p><p><strong>Urdu Title:</strong> بلیک اینڈ وائٹ</p><p><strong>Author:</strong> Hassan Nisar</p><p>Beautifully printed and bound edition published by Book Corner. Ideal for readers and collectors.</p>,Hassan Nisar,,Books,Essays,true,Title,Default Title,KW-HAS-0287,400,shopify,100,deny,manual,999,1250,true,false,,https://media.bookcorner.shop/uploads/62767f8e227d81651933070.jpg,1,Black & White,false,,,,,g,,,,,active
adamkhor-nizam,Adamkhor Nizam Ka Nauha,<p><strong>Book Title:</strong> Adamkhor Nizam Ka Nauha</p><p><strong>Urdu Title:</strong> آدم خور نظام کا نوحہ</p><p><strong>Author:</strong> Hassan Nisar</p><p>Beautifully printed and bound edition published by Book Corner. Ideal for readers and collectors.</p>,Hassan Nisar,,Books,Essays,true,Title,Default Title,KW-HAS-0288,400,shopify,100,deny,manual,999,1250,true,false,,https://media.bookcorner.shop/uploads/62c1a612a2b6a1656858130.jpg,1,Adamkhor Nizam Ka Nauha,false,,,,,g,,,,,active
dehaati-babu,Dehaati Babu,<p><strong>Book Title:</strong> Dehaati Babu</p><p><strong>Urdu Title:</strong> دیہاتی بابو</p><p><strong>Author:</strong> Asad Tahir Jappa</p><p>Beautifully printed and bound edition published by Book Corner. Ideal for readers and collectors.</p>,Asad Tahir Jappa,,Books,Essays,true,Title,Default Title,KW-ASA-0289,400,shopify,100,deny,manual,1495,1850,true,false,,https://media.bookcorner.shop/uploads/67740699663e51735657113.jpg,1,Dehaati Babu,false,,,,,g,,,,,active
dhanak-book-marks,Dhanak Ka Aathvan Rang (Book Marks),<p><strong>Book Title:</strong> Dhanak Ka Aathvan Rang (Book Marks)</p><p><strong>Urdu Title:</strong> دھنک کا آٹھواں رنگ (بک مارکس)</p><p><strong>Author:</strong> Leena Hashir</p><p>Beautifully printed and bound edition published by Book Corner. Ideal for readers and collectors.</p>,Leena Hashir,,Books,Essays,true,Title,Default Title,KW-LEE-0290,400,shopify,100,deny,manual,200,250,true,false,,https://media.bookcorner.shop/uploads/63eca12ec41d81676452142.jpg,1,Dhanak Ka Aathvan Rang (Book Marks),false,,,,,g,,,,,active
wazvaan,Wazvaan,<p><strong>Book Title:</strong> Wazvaan</p><p><strong>Urdu Title:</strong> وازوان</p><p><strong>Author:</strong> Aamir Khakwani</p><p>Beautifully printed and bound edition published by Book Corner. Ideal for readers and collectors.</p>,Aamir Khakwani,,Books,Essays,true,Title,Default Title,KW-AAM-0291,400,shopify,100,deny,manual,1800,2250,true,false,,https://media.bookcorner.shop/uploads/63f335e28f10c1676883426.jpg,1,Wazvaan,false,,,,,g,,,,,active
dilam,Dilam,<p><strong>Book Title:</strong> Dilam</p><p><strong>Urdu Title:</strong> دلم</p><p><strong>Author:</strong> Zaara Mazhar</p><p>Beautifully printed and bound edition published by Book Corner. Ideal for readers and collectors.</p>,Zaara Mazhar,,Books,Essays,true,Title,Default Title,KW-ZAA-0292,400,shopify,100,deny,manual,1500,1900,true,false,,https://media.bookcorner.shop/uploads/647ee846d81091686038598.jpg,1,Dilam,false,,,,,g,,,,,active
bachon-ki-achi-achi-kehaniyan,Bachon ki Achi Achi Kehaniyan,<p><strong>Book Title:</strong> Bachon ki Achi Achi Kehaniyan</p><p><strong>Urdu Title:</strong> بچوں کی اچھی اچھی کہانیاں</p><p><strong>Author:</strong> Abu Imama</p><p>Beautifully printed and bound edition published by Book Corner. Ideal for readers and collectors.</p>,Abu Imama,,Books,Children,true,Title,Default Title,KW-ABU-0293,400,shopify,100,deny,manual,300,400,true,false,,https://media.bookcorner.shop/uploads/223.jpg,1,Bachon ki Achi Achi Kehaniyan,false,,,,,g,,,,,active
bachon-ki-dilchasp-kehaniyan,Bachon ki Dilchasp Kehaniyan,<p><strong>Book Title:</strong> Bachon ki Dilchasp Kehaniyan</p><p><strong>Urdu Title:</strong> بچوں کی دلچسپ کہانیاں</p><p><strong>Author:</strong> Abu Imama</p><p>Beautifully printed and bound edition published by Book Corner. Ideal for readers and collectors.</p>,Abu Imama,,Books,Children,true,Title,Default Title,KW-ABU-0294,400,shopify,100,deny,manual,300,400,true,false,,https://media.bookcorner.shop/uploads/5c4ed112938351548669202.jpg,1,Bachon ki Dilchasp Kehaniyan,false,,,,,g,,,,,active
bachon-ki-mazahiyan-kehaniyan,Bachon ki Mazahiyan Kehaniyan,<p><strong>Book Title:</strong> Bachon ki Mazahiyan Kehaniyan</p><p><strong>Urdu Title:</strong> بچوں کی مزاحیہ کہانیاں</p><p><strong>Author:</strong> Abu Imama</p><p>Beautifully printed and bound edition published by Book Corner. Ideal for readers and collectors.</p>,Abu Imama,,Books,Children,true,Title,Default Title,KW-ABU-0295,400,shopify,100,deny,manual,300,400,true,false,,https://media.bookcorner.shop/uploads/14.jpg,1,Bachon ki Mazahiyan Kehaniyan,false,,,,,g,,,,,active
bachon-ki-sabaq-amoz-kehaniyan,Bachon ki Sabaq Amoz Kehaniyan,<p><strong>Book Title:</strong> Bachon ki Sabaq Amoz Kehaniyan</p><p><strong>Urdu Title:</strong> بچوں کی سبق آموز کہانیاں</p><p><strong>Author:</strong> Abu Imama</p><p>Beautifully printed and bound edition published by Book Corner. Ideal for readers and collectors.</p>,Abu Imama,,Books,Children,true,Title,Default Title,KW-ABU-0296,400,shopify,100,deny,manual,300,400,true,false,,https://media.bookcorner.shop/uploads/243.jpg,1,Bachon ki Sabaq Amoz Kehaniyan,false,,,,,g,,,,,active
char-darvesh-char-kehaniyan,Char Darvesh Char Kehaniyan,<p><strong>Book Title:</strong> Char Darvesh Char Kehaniyan</p><p><strong>Urdu Title:</strong> چار درویش چار کہانیاں</p><p><strong>Author:</strong> Abu Imama</p><p>Beautifully printed and bound edition published by Book Corner. Ideal for readers and collectors.</p>,Abu Imama,,Books,Children,true,Title,Default Title,KW-ABU-0297,400,shopify,100,deny,manual,300,400,true,false,,https://media.bookcorner.shop/uploads/22.jpg,1,Char Darvesh Char Kehaniyan,false,,,,,g,,,,,active
hakayat-e-luqman,Hakayat e Luqman,<p><strong>Book Title:</strong> Hakayat e Luqman</p><p><strong>Urdu Title:</strong> حکایات لقمان</p><p><strong>Author:</strong> Hazrat Hakeem Luqman</p><p>Beautifully printed and bound edition published by Book Corner. Ideal for readers and collectors.</p>,Hazrat Hakeem Luqman,,Books,Children,true,Title,Default Title,KW-HAZ-0298,400,shopify,100,deny,manual,900,1100,true,false,,https://media.bookcorner.shop/uploads/60ca02740f51b1623851636.jpg,1,Hakayat e Luqman,false,,,,,g,,,,,active
hakayat-e-rumi-1,Hakayat e Rumi,<p><strong>Book Title:</strong> Hakayat e Rumi</p><p><strong>Urdu Title:</strong> حکایات رومی</p><p><strong>Author:</strong> Maulana Jalaluddin Rumi</p><p>Beautifully printed and bound edition published by Book Corner. Ideal for readers and collectors.</p>,Maulana Jalaluddin Rumi,,Books,"Children, Translations",true,Title,Default Title,KW-MAU-0299,400,shopify,100,deny,manual,900,1100,true,false,,https://media.bookcorner.shop/uploads/5c518ba706e301548848039.jpg,1,Hakayat e Rumi,false,,,,,g,,,,,active
hakayat-e-sadi,Hikayaat e Saadi,<p><strong>Book Title:</strong> Hikayaat e Saadi</p><p><strong>Urdu Title:</strong> حکایات سعدی</p><p><strong>Author:</strong> Sheikh Sadi Shirazi</p><p>Beautifully printed and bound edition published by Book Corner. Ideal for readers and collectors.</p>,Sheikh Sadi Shirazi,,Books,"Children, Translations",true,Title,Default Title,KW-SHE-0300,400,shopify,100,deny,manual,1500,1900,true,false,,https://media.bookcorner.shop/uploads/66d81240c3f7d1725436480.jpg,1,Hikayaat e Saadi,false,,,,,g,,,,,active
hatam-tai-ki-kehaniyan,Hatam Tai ki Kehaniyan,<p><strong>Book Title:</strong> Hatam Tai ki Kehaniyan</p><p><strong>Urdu Title:</strong> حاتم طائی کی کہانیاں</p><p><strong>Author:</strong> Abu Imama</p><p>Beautifully printed and bound edition published by Book Corner. Ideal for readers and collectors.</p>,Abu Imama,,Books,Children,true,Title,Default Title,KW-ABU-0301,400,shopify,100,deny,manual,300,400,true,false,,https://media.bookcorner.shop/uploads/67.jpg,1,Hatam Tai ki Kehaniyan,false,,,,,g,,,,,active
hazrat-abu-bakar-ki-batain,Hazrat Abu Bakar ki Batain,<p><strong>Book Title:</strong> Hazrat Abu Bakar ki Batain</p><p><strong>Urdu Title:</strong> حضرت ابوبکر صدیق کی باتیں</p><p><strong>Author:</strong> Abu Imama</p><p>Beautifully printed and bound edition published by Book Corner. Ideal for readers and collectors.</p>,Abu Imama,,Books,Children,true,Title,Default Title,KW-ABU-0302,400,shopify,100,deny,manual,200,250,true,false,,https://media.bookcorner.shop/uploads/5e2d5eddc4b9c1580031709.jpg,1,Hazrat Abu Bakar ki Batain,false,,,,,g,,,,,active
hazrat-ali-al-murtaza-ki-batain,Hazrat Ali Al Murtaza ki Batain,<p><strong>Book Title:</strong> Hazrat Ali Al Murtaza ki Batain</p><p><strong>Urdu Title:</strong> حضرت علی المرتضیٰ کی باتیں</p><p><strong>Author:</strong> Abu Imama</p><p>Beautifully printed and bound edition published by Book Corner. Ideal for readers and collectors.</p>,Abu Imama,,Books,Children,true,Title,Default Title,KW-ABU-0303,400,shopify,100,deny,manual,200,250,true,false,,https://media.bookcorner.shop/uploads/5e2d5ee58c2381580031717.jpg,1,Hazrat Ali Al Murtaza ki Batain,false,,,,,g,,,,,active
hazrat-ali-kay-faislay,Hazrat Ali Kay Faislay,<p><strong>Book Title:</strong> Hazrat Ali Kay Faislay</p><p><strong>Urdu Title:</strong> حضرت علی کے فیصلے</p><p><strong>Author:</strong> Abu Imama</p><p>Beautifully printed and bound edition published by Book Corner. Ideal for readers and collectors.</p>,Abu Imama,,Books,Children,true,Title,Default Title,KW-ABU-0304,400,shopify,100,deny,manual,300,400,true,false,,https://media.bookcorner.shop/uploads/75.jpg,1,Hazrat Ali Kay Faislay,false,,,,,g,,,,,active
hazrat-umer-farooq-ki-batain,Hazrat Umer Farooq ki Batain,<p><strong>Book Title:</strong> Hazrat Umer Farooq ki Batain</p><p><strong>Urdu Title:</strong> حضرت عمر فاروق کی باتیں</p><p><strong>Author:</strong> Abu Imama</p><p>Beautifully printed and bound edition published by Book Corner. Ideal for readers and collectors.</p>,Abu Imama,,Books,Children,true,Title,Default Title,KW-ABU-0305,400,shopify,100,deny,manual,200,250,true,false,,https://media.bookcorner.shop/uploads/5e2d5ec7993e81580031687.jpg,1,Hazrat Umer Farooq ki Batain,false,,,,,g,,,,,active
hazrat-umer-kay-faislay,Hazrat Umer Kay Faislay,<p><strong>Book Title:</strong> Hazrat Umer Kay Faislay</p><p><strong>Urdu Title:</strong> حضرت عمر کے فیصلے</p><p><strong>Author:</strong> Abu Imama</p><p>Beautifully printed and bound edition published by Book Corner. Ideal for readers and collectors.</p>,Abu Imama,,Books,Children,true,Title,Default Title,KW-ABU-0306,400,shopify,100,deny,manual,300,400,true,false,,https://media.bookcorner.shop/uploads/263.jpg,1,Hazrat Umer Kay Faislay,false,,,,,g,,,,,active
hazrat-usman-ghani-ki-batain,Hazrat Usman Ghani ki Batain,<p><strong>Book Title:</strong> Hazrat Usman Ghani ki Batain</p><p><strong>Urdu Title:</strong> حضرت عثمان غنی کی باتیں</p><p><strong>Author:</strong> Abu Imama</p><p>Beautifully printed and bound edition published by Book Corner. Ideal for readers and collectors.</p>,Abu Imama,,Books,Children,true,Title,Default Title,KW-ABU-0307,400,shopify,100,deny,manual,200,250,true,false,,https://media.bookcorner.shop/uploads/5e2d5ed2628ca1580031698.jpg,1,Hazrat Usman Ghani ki Batain,false,,,,,g,,,,,active
hazrat-usman-kay-faislay,Hazrat Usman Kay Faislay,<p><strong>Book Title:</strong> Hazrat Usman Kay Faislay</p><p><strong>Urdu Title:</strong> حضرت عثمان کے فیصلے</p><p><strong>Author:</strong> Abu Imama</p><p>Beautifully printed and bound edition published by Book Corner. Ideal for readers and collectors.</p>,Abu Imama,,Books,Children,true,Title,Default Title,KW-ABU-0308,400,shopify,100,deny,manual,300,400,true,false,,https://media.bookcorner.shop/uploads/264.jpg,1,Hazrat Usman Kay Faislay,false,,,,,g,,,,,active
jhinga-pehalwan-ki-kehaniyan,Jhinga Pehalwan ki Kehaniyan,<p><strong>Book Title:</strong> Jhinga Pehalwan ki Kehaniyan</p><p><strong>Urdu Title:</strong> جھنگا پہلوان کی کہانیاں</p><p><strong>Author:</strong> Abu Imama</p><p>Beautifully printed and bound edition published by Book Corner. Ideal for readers and collectors.</p>,Abu Imama,,Books,Children,true,Title,Default Title,KW-ABU-0309,400,shopify,100,deny,manual,300,400,true,false,,https://media.bookcorner.shop/uploads/107.jpg,1,Jhinga Pehalwan ki Kehaniyan,false,,,,,g,,,,,active
mulk-mulk-ki-kehaniyan,Mulk Mulk ki Kehaniyan,<p><strong>Book Title:</strong> Mulk Mulk ki Kehaniyan</p><p><strong>Urdu Title:</strong> ملک ملک کی کہانیاں</p><p><strong>Author:</strong> Ahmad Adnan Tariq</p><p>Beautifully printed and bound edition published by Book Corner. Ideal for readers and collectors.</p>,Ahmad Adnan Tariq,,Books,Children,true,Title,Default Title,KW-AHM-0310,400,shopify,100,deny,manual,380,500,true,false,,https://media.bookcorner.shop/uploads/5c518af47a3c01548847860.jpg,1,Mulk Mulk ki Kehaniyan,false,,,,,g,,,,,active
falsafa-e-ajam,Falsafa e Ajam,<p><strong>Book Title:</strong> Falsafa e Ajam</p><p><strong>Urdu Title:</strong> فلسفۂ عجم</p><p><strong>Author:</strong> Allama Muhammad Iqbal</p><p>Beautifully printed and bound edition published by Book Corner. Ideal for readers and collectors.</p>,Allama Muhammad Iqbal,,Books,"Philosophy, Translations",true,Title,Default Title,KW-ALL-0311,400,shopify,100,deny,manual,600,750,true,false,,https://media.bookcorner.shop/uploads/44.jpg,1,Falsafa e Ajam,false,,,,,g,,,,,active
iqbal-aur-maghrabi-mufakareen,Iqbal aur Maghrabi Mufakareen,<p><strong>Book Title:</strong> Iqbal aur Maghrabi Mufakareen</p><p><strong>Urdu Title:</strong> اقبال اور مغربی مفکرین</p><p><strong>Author:</strong> Jagan Nath Azad</p><p>Beautifully printed and bound edition published by Book Corner. Ideal for readers and collectors.</p>,Jagan Nath Azad,,Books,Philosophy,true,Title,Default Title,KW-JAG-0312,400,shopify,100,deny,manual,950,1200,true,false,,https://media.bookcorner.shop/uploads/5e08807b37d9a1577615483.jpg,1,Iqbal aur Maghrabi Mufakareen,false,,,,,g,,,,,active
iqbal-ka-nazria-e-khudi,Iqbal ka Nazria e Khudi,<p><strong>Book Title:</strong> Iqbal ka Nazria e Khudi</p><p><strong>Urdu Title:</strong> اقبال کا نظریۂ خودی</p><p><strong>Author:</strong> Prof. Abdul Mughani</p><p>Beautifully printed and bound edition published by Book Corner. Ideal for readers and collectors.</p>,Prof. Abdul Mughani,,Books,Philosophy,true,Title,Default Title,KW-PRO-0313,400,shopify,100,deny,manual,1500,1900,true,false,,https://media.bookcorner.shop/uploads/96.jpg,1,Iqbal ka Nazria e Khudi,false,,,,,g,,,,,active
khutbat-e-iqbal,Khutbat e Iqbal,<p><strong>Book Title:</strong> Khutbat e Iqbal</p><p><strong>Urdu Title:</strong> خطبات اقبال</p><p><strong>Author:</strong> Allama Muhammad Iqbal</p><p>Beautifully printed and bound edition published by Book Corner. Ideal for readers and collectors.</p>,Allama Muhammad Iqbal,,Books,Philosophy,true,Title,Default Title,KW-ALL-0314,400,shopify,100,deny,manual,1500,1900,true,false,,https://media.bookcorner.shop/uploads/5e08afaccb89b1577627564.jpg,1,Khutbat e Iqbal,false,,,,,g,,,,,active
muntashir-khayalat-e-iqbal,Muntashir Khayalat e Iqbal,<p><strong>Book Title:</strong> Muntashir Khayalat e Iqbal</p><p><strong>Urdu Title:</strong> منتشر خیالات اقبال</p><p><strong>Author:</strong> Allama Muhammad Iqbal</p><p>Beautifully printed and bound edition published by Book Corner. Ideal for readers and collectors.</p>,Allama Muhammad Iqbal,,Books,Philosophy,true,Title,Default Title,KW-ALL-0315,400,shopify,100,deny,manual,600,750,true,false,,https://media.bookcorner.shop/uploads/5c52dff2dbdc81548935154.jpg,1,Muntashir Khayalat e Iqbal,false,,,,,g,,,,,active
hafiz-aur-iqbal,Hafiz aur Iqbal,<p><strong>Book Title:</strong> Hafiz aur Iqbal</p><p><strong>Urdu Title:</strong> حافظ اور اقبال</p><p><strong>Author:</strong> Dr. Yousuf Hussain Khan</p><p>Beautifully printed and bound edition published by Book Corner. Ideal for readers and collectors.</p>,Dr. Yousuf Hussain Khan,,Books,Philosophy,true,Title,Default Title,KW-DR.-0316,400,shopify,100,deny,manual,999,1250,true,false,,https://media.bookcorner.shop/uploads/5c86477344ef41552303987.jpg,1,Hafiz aur Iqbal,false,,,,,g,,,,,active
F-U-Z-A,Falsafa Urooj o Zawal e Aqwam,<p><strong>Book Title:</strong> Falsafa Urooj o Zawal e Aqwam</p><p><strong>Urdu Title:</strong> فلسفہ عروج و زوال اقوام</p><p><strong>Author:</strong> Dr. Gustave Le Bon</p><p>Beautifully printed and bound edition published by Book Corner. Ideal for readers and collectors.</p>,Dr. Gustave Le Bon,,Books,Philosophy,true,Title,Default Title,KW-DR.-0317,400,shopify,100,deny,manual,800,1000,true,false,,https://media.bookcorner.shop/uploads/5f969dd3a109e1603706323.jpg,1,Falsafa Urooj o Zawal e Aqwam,false,,,,,g,,,,,active
riyasat,Riyasat,<p><strong>Book Title:</strong> Riyasat</p><p><strong>Urdu Title:</strong> ریاست</p><p><strong>Author:</strong> Aflatoon (Plato)</p><p>Beautifully printed and bound edition published by Book Corner. Ideal for readers and collectors.</p>,Aflatoon (Plato),,Books,"Philosophy, Politics",true,Title,Default Title,KW-AFL-0318,400,shopify,100,deny,manual,1800,2250,true,false,,https://media.bookcorner.shop/uploads/630318b7cc49a1661147319.jpg,1,Riyasat,false,,,,,g,,,,,active
diplomacy,Diplomacy (Urdu),<p><strong>Book Title:</strong> Diplomacy (Urdu)</p><p><strong>Urdu Title:</strong> ڈپلومیسی</p><p><strong>Author:</strong> Henry Kissinger</p><p>Beautifully printed and bound edition published by Book Corner. Ideal for readers and collectors.</p>,Henry Kissinger,,Books,"Philosophy, Politics",true,Title,Default Title,KW-HEN-0319,400,shopify,100,deny,manual,3000,3750,true,false,,https://media.bookcorner.shop/uploads/646242d83ece21684161240.jpg,1,Diplomacy (Urdu),false,,,,,g,,,,,active
Babel,Babel Ka Kutub Khana,<p><strong>Book Title:</strong> Babel Ka Kutub Khana</p><p><strong>Urdu Title:</strong> بابل کا کتب خانہ</p><p><strong>Author:</strong> Jorge Luis Borges</p><p>Beautifully printed and bound edition published by Book Corner. Ideal for readers and collectors.</p>,Jorge Luis Borges,,Books,Philosophy,true,Title,Default Title,KW-JOR-0320,400,shopify,100,deny,manual,999,1250,true,false,,https://media.bookcorner.shop/uploads/66a3472b1034d1721976619.jpg,1,Babel Ka Kutub Khana,false,,,,,g,,,,,active
sofi-ki-dunya,Sofi Ki Dunya (2nd Edition),<p><strong>Book Title:</strong> Sofi Ki Dunya (2nd Edition)</p><p><strong>Urdu Title:</strong> سوفی کی دنیا</p><p><strong>Author:</strong> Jostein Gaarder</p><p>Beautifully printed and bound edition published by Book Corner. Ideal for readers and collectors.</p>,Jostein Gaarder,,Books,Philosophy,true,Title,Default Title,KW-JOS-0321,400,shopify,100,deny,manual,3000,3750,true,false,,https://media.bookcorner.shop/uploads/6734a1880f4341731502472.jpg,1,Sofi Ki Dunya (2nd Edition),false,,,,,g,,,,,active
waqt,Waqt Ki Mukhtasar Tarikh (2nd Edition),<p><strong>Book Title:</strong> Waqt Ki Mukhtasar Tarikh (2nd Edition)</p><p><strong>Urdu Title:</strong> وقت کی مختصر تاریخ</p><p><strong>Author:</strong> Stephen Hawking</p><p>Beautifully printed and bound edition published by Book Corner. Ideal for readers and collectors.</p>,Stephen Hawking,,Books,"Philosophy, Science",true,Title,Default Title,KW-STE-0322,400,shopify,100,deny,manual,1500,1900,true,false,,https://media.bookcorner.shop/uploads/67c01d3a31a141740643642.jpg,1,Waqt Ki Mukhtasar Tarikh (2nd Edition),false,,,,,g,,,,,active
suqrat,Suqrat (6th Edition),<p><strong>Book Title:</strong> Suqrat (6th Edition)</p><p><strong>Urdu Title:</strong> سقراط</p><p><strong>Author:</strong> Cora Meson</p><p>Beautifully printed and bound edition published by Book Corner. Ideal for readers and collectors.</p>,Cora Meson,,Books,Philosophy,true,Title,Default Title,KW-COR-0323,400,shopify,100,deny,manual,950,1200,true,false,,https://media.bookcorner.shop/uploads/6820932a2da751746965290.jpg,1,Suqrat (6th Edition),false,,,,,g,,,,,active
dastane-falsafa,Dastan e Falsafa (2nd Edition),<p><strong>Book Title:</strong> Dastan e Falsafa (2nd Edition)</p><p><strong>Urdu Title:</strong> داستان فلسفہ</p><p><strong>Author:</strong> Will Durant</p><p>Beautifully printed and bound edition published by Book Corner. Ideal for readers and collectors.</p>,Will Durant,,Books,Philosophy,true,Title,Default Title,KW-WIL-0324,400,shopify,100,deny,manual,2500,3100,true,false,,https://media.bookcorner.shop/uploads/68a726c673b6d1755784902.jpg,1,Dastan e Falsafa (2nd Edition),false,,,,,g,,,,,active
nazariyat-ki-mukhtasar-tarikh,Nazariyat ki Mukhtasar Tarikh (2nd Edition),<p><strong>Book Title:</strong> Nazariyat ki Mukhtasar Tarikh (2nd Edition)</p><p><strong>Urdu Title:</strong> نظریات کی مختصر تاریخ</p><p><strong>Author:</strong> Yasir Jawad</p><p>Beautifully printed and bound edition published by Book Corner. Ideal for readers and collectors.</p>,Yasir Jawad,,Books,Philosophy,true,Title,Default Title,KW-YAS-0325,400,shopify,100,deny,manual,1500,1900,true,false,,https://media.bookcorner.shop/uploads/6899deb2b49591754914482.jpg,1,Nazariyat ki Mukhtasar Tarikh (2nd Edition),false,,,,,g,,,,,active
the-great-100,100: Insani Tehzeeb Kay Mamar (2nd Edition),<p><strong>Book Title:</strong> 100: Insani Tehzeeb Kay Mamar (2nd Edition)</p><p><strong>Urdu Title:</strong> 100 انسانی تہذیب کے معمار</p><p><strong>Author:</strong> Will Durant</p><p>Beautifully printed and bound edition published by Book Corner. Ideal for readers and collectors.</p>,Will Durant,,Books,Philosophy,true,Title,Default Title,KW-WIL-0326,400,shopify,100,deny,manual,3000,3750,true,false,,https://media.bookcorner.shop/uploads/68c17530c76331757508912.jpg,1,100: Insani Tehzeeb Kay Mamar (2nd Edition),false,,,,,g,,,,,active
dukhtar-e-rumi,Dukhtar e Rumi (2nd Edition),<p><strong>Book Title:</strong> Dukhtar e Rumi (2nd Edition)</p><p><strong>Urdu Title:</strong> دختر رومی (دوسرا ایڈیشن)</p><p><strong>Author:</strong> Muriel Maufroy</p><p>Beautifully printed and bound edition published by Book Corner. Ideal for readers and collectors.</p>,Muriel Maufroy,,Books,Philosophy,true,Title,Default Title,KW-MUR-0327,400,shopify,100,deny,manual,1200,1500,true,false,,https://media.bookcorner.shop/uploads/69ea00c426bc81776943300.jpg,1,Dukhtar e Rumi (2nd Edition),false,,,,,g,,,,,active
muslim-nafsiyat,Muslim Nafsiyat,<p><strong>Book Title:</strong> Muslim Nafsiyat</p><p><strong>Urdu Title:</strong> مسلم نفسیات</p><p><strong>Author:</strong> Ali Akbar Mansoor</p><p>Beautifully printed and bound edition published by Book Corner. Ideal for readers and collectors.</p>,Ali Akbar Mansoor,,Books,Philosophy,true,Title,Default Title,KW-ALI-0328,400,shopify,100,deny,manual,200,250,true,false,,,1,Muslim Nafsiyat,false,,,,,g,,,,,active
masla-e-ijtihad,Masla e Ijtihad,<p><strong>Book Title:</strong> Masla e Ijtihad</p><p><strong>Urdu Title:</strong> مسئلہ اجتہاد</p><p><strong>Author:</strong> Molana Muhammad Haneef Nadvi</p><p>Beautifully printed and bound edition published by Book Corner. Ideal for readers and collectors.</p>,Molana Muhammad Haneef Nadvi,,Books,Philosophy,true,Title,Default Title,KW-MOL-0329,400,shopify,100,deny,manual,500,600,true,false,,https://media.bookcorner.shop/uploads/60e2fad187b981625488081.jpg,1,Masla e Ijtihad,false,,,,,g,,,,,active
preshan-hona-choriyay-jeena-seekhiyay,Preshan Hona Choriyay Jeena Seekhiyay,<p><strong>Book Title:</strong> Preshan Hona Choriyay Jeena Seekhiyay</p><p><strong>Urdu Title:</strong> پریشان ہونا چھوڑئیے جینا سیکھئے!</p><p><strong>Author:</strong> Dale Carnegie</p><p>Beautifully printed and bound edition published by Book Corner. Ideal for readers and collectors.</p>,Dale Carnegie,,Books,Psychology,true,Title,Default Title,KW-DAL-0330,400,shopify,100,deny,manual,950,1200,true,false,,https://media.bookcorner.shop/uploads/162.jpg,1,Preshan Hona Choriyay Jeena Seekhiyay,false,,,,,g,,,,,active
meethay-bol,Meethay Bol May Jadu Hai,<p><strong>Book Title:</strong> Meethay Bol May Jadu Hai</p><p><strong>Urdu Title:</strong> میٹھے بول میں جادو ہے</p><p><strong>Author:</strong> Dale Carnegie</p><p>Beautifully printed and bound edition published by Book Corner. Ideal for readers and collectors.</p>,Dale Carnegie,,Books,"Psychology, Translations",true,Title,Default Title,KW-DAL-0331,400,shopify,100,deny,manual,950,1200,true,false,,https://media.bookcorner.shop/uploads/622769af0cc171646750127.jpg,1,Meethay Bol May Jadu Hai,false,,,,,g,,,,,active
nafsiyat-e-shahbab,Nafsiyat e Shahbab,<p><strong>Book Title:</strong> Nafsiyat e Shahbab</p><p><strong>Urdu Title:</strong> نفسیات شباب</p><p><strong>Author:</strong> Eduard Spranger</p><p>Beautifully printed and bound edition published by Book Corner. Ideal for readers and collectors.</p>,Eduard Spranger,,Books,Psychology,true,Title,Default Title,KW-EDU-0332,400,shopify,100,deny,manual,900,1100,true,false,,https://media.bookcorner.shop/uploads/674972ef011b51732866799.jpg,1,Nafsiyat e Shahbab,false,,,,,g,,,,,active
dastoor-e-nafsiyat,Dastoor e Nafsiyat,<p><strong>Book Title:</strong> Dastoor e Nafsiyat</p><p><strong>Urdu Title:</strong> دستور نفسیات</p><p><strong>Author:</strong> Wulliam James</p><p>Beautifully printed and bound edition published by Book Corner. Ideal for readers and collectors.</p>,Wulliam James,,Books,Psychology,true,Title,Default Title,KW-WUL-0333,400,shopify,100,deny,manual,1500,1900,true,false,,https://media.bookcorner.shop/uploads/674972c4c31e21732866756.jpg,1,Dastoor e Nafsiyat,false,,,,,g,,,,,active
as-a-man-thinketh,As A Man Thinketh,<p><strong>Book Title:</strong> As A Man Thinketh</p><p><strong>Author:</strong> James Allen</p><p>Beautifully printed and bound edition published by Book Corner. Ideal for readers and collectors.</p>,James Allen,,Books,Psychology,true,Title,Default Title,KW-JAM-0334,400,shopify,100,deny,manual,350,450,true,false,,https://media.bookcorner.shop/uploads/614ac8d5d1a5e1632291029.jpg,1,As A Man Thinketh,false,,,,,g,,,,,active
muraqaba,Muraqaba,<p><strong>Book Title:</strong> Muraqaba</p><p><strong>Urdu Title:</strong> مراقبہ</p><p><strong>Author:</strong> Guru Rajneesh Osho</p><p>Beautifully printed and bound edition published by Book Corner. Ideal for readers and collectors.</p>,Guru Rajneesh Osho,,Books,Psychology,true,Title,Default Title,KW-GUR-0335,400,shopify,100,deny,manual,450,550,true,false,,https://media.bookcorner.shop/uploads/5f68548e1cc361600672910.jpg,1,Muraqaba,false,,,,,g,,,,,active
the-conquest-of-happiness-1,The Conquest Of Happiness,<p><strong>Book Title:</strong> The Conquest Of Happiness</p><p><strong>Author:</strong> Bertrand Russell</p><p>Beautifully printed and bound edition published by Book Corner. Ideal for readers and collectors.</p>,Bertrand Russell,,Books,Psychology,true,Title,Default Title,KW-BER-0336,400,shopify,100,deny,manual,499,600,true,false,,https://media.bookcorner.shop/uploads/614ac426cdf501632289830.jpg,1,The Conquest Of Happiness,false,,,,,g,,,,,active
jin,Jin,<p><strong>Book Title:</strong> Jin</p><p><strong>Urdu Title:</strong> جن عالم ارواح، مابعد الطبیات، روحانیت اور ماورائے عقل واقعات کا مرقع</p><p><strong>Author:</strong> Rashid Ashraf</p><p>Beautifully printed and bound edition published by Book Corner. Ideal for readers and collectors.</p>,Rashid Ashraf,,Books,Psychology,true,Title,Default Title,KW-RAS-0337,400,shopify,100,deny,manual,1290,1600,true,false,,https://media.bookcorner.shop/uploads/61488a051a0de1632143877.jpg,1,Jin,false,,,,,g,,,,,active
narwan-ka-darwaza,Narwan Ka Darwaza,<p><strong>Book Title:</strong> Narwan Ka Darwaza</p><p><strong>Urdu Title:</strong> نروان کا دروازہ</p><p><strong>Author:</strong> Guru Rajneesh Osho</p><p>Beautifully printed and bound edition published by Book Corner. Ideal for readers and collectors.</p>,Guru Rajneesh Osho,,Books,Psychology,true,Title,Default Title,KW-GUR-0338,400,shopify,100,deny,manual,400,500,true,false,,https://media.bookcorner.shop/uploads/614852a7943c71632129703.jpg,1,Narwan Ka Darwaza,false,,,,,g,,,,,active
lafani-hakayat,Lafani Hakayat,<p><strong>Book Title:</strong> Lafani Hakayat</p><p><strong>Urdu Title:</strong> لافانی حکایات</p><p><strong>Author:</strong> Guru Rajneesh Osho</p><p>Beautifully printed and bound edition published by Book Corner. Ideal for readers and collectors.</p>,Guru Rajneesh Osho,,Books,Psychology,true,Title,Default Title,KW-GUR-0339,400,shopify,100,deny,manual,500,600,true,false,,https://media.bookcorner.shop/uploads/61485246aead51632129606.jpg,1,Lafani Hakayat,false,,,,,g,,,,,active
chalo-youn-kar-lo,Chalo Youn Kar Lo,<p><strong>Book Title:</strong> Chalo Youn Kar Lo</p><p><strong>Urdu Title:</strong> چلو یوں کر لو</p><p><strong>Author:</strong> Guru Rajneesh Osho</p><p>Beautifully printed and bound edition published by Book Corner. Ideal for readers and collectors.</p>,Guru Rajneesh Osho,,Books,Psychology,true,Title,Default Title,KW-GUR-0340,400,shopify,100,deny,manual,600,750,true,false,,https://media.bookcorner.shop/uploads/6148500b130741632129035.jpg,1,Chalo Youn Kar Lo,false,,,,,g,,,,,active
mawra-e-hadood-e-danish,Mawra e Hadood e Danish,<p><strong>Book Title:</strong> Mawra e Hadood e Danish</p><p><strong>Urdu Title:</strong> ماورائے حدود دانش</p><p><strong>Author:</strong> Guru Rajneesh Osho</p><p>Beautifully printed and bound edition published by Book Corner. Ideal for readers and collectors.</p>,Guru Rajneesh Osho,,Books,Psychology,true,Title,Default Title,KW-GUR-0341,400,shopify,100,deny,manual,400,500,true,false,,https://media.bookcorner.shop/uploads/61484d51ee07a1632128337.jpg,1,Mawra e Hadood e Danish,false,,,,,g,,,,,active
batni-wardat-ka-raaz,Batni Wardat Ka Raaz,<p><strong>Book Title:</strong> Batni Wardat Ka Raaz</p><p><strong>Urdu Title:</strong> باطنی واردات کا راز</p><p><strong>Author:</strong> Guru Rajneesh Osho</p><p>Beautifully printed and bound edition published by Book Corner. Ideal for readers and collectors.</p>,Guru Rajneesh Osho,,Books,Psychology,true,Title,Default Title,KW-GUR-0342,400,shopify,100,deny,manual,400,500,true,false,,https://media.bookcorner.shop/uploads/61484c0c09cf21632128012.jpg,1,Batni Wardat Ka Raaz,false,,,,,g,,,,,active
dawat-e-khamshi,Dawat e Khamshi,<p><strong>Book Title:</strong> Dawat e Khamshi</p><p><strong>Urdu Title:</strong> دعوت خامشی</p><p><strong>Author:</strong> Guru Rajneesh Osho</p><p>Beautifully printed and bound edition published by Book Corner. Ideal for readers and collectors.</p>,Guru Rajneesh Osho,,Books,Psychology,true,Title,Default Title,KW-GUR-0343,400,shopify,100,deny,manual,400,500,true,false,,https://media.bookcorner.shop/uploads/614843eb91d321632125931.jpg,1,Dawat e Khamshi,false,,,,,g,,,,,active
talking-to-strangers,Talking to Strangers,<p><strong>Book Title:</strong> Talking to Strangers</p><p><strong>Author:</strong> Malcolm Gladwell</p><p>Beautifully printed and bound edition published by Book Corner. Ideal for readers and collectors.</p>,Malcolm Gladwell,,Books,Psychology,true,Title,Default Title,KW-MAL-0344,400,shopify,100,deny,manual,895,1100,true,false,,https://media.bookcorner.shop/uploads/614704e597ca11632044261.jpg,1,Talking to Strangers,false,,,,,g,,,,,active
games-people-play,Games People Play,<p><strong>Book Title:</strong> Games People Play</p><p><strong>Author:</strong> Eric Berne</p><p>Beautifully printed and bound edition published by Book Corner. Ideal for readers and collectors.</p>,Eric Berne,,Books,Psychology,true,Title,Default Title,KW-ERI-0345,400,shopify,100,deny,manual,599,750,true,false,,https://media.bookcorner.shop/uploads/6145a48c5f1271631954060.jpg,1,Games People Play,false,,,,,g,,,,,active
sehra-ka-mutlashi,sehra ka mutlashi,<p><strong>Book Title:</strong> sehra ka mutlashi</p><p><strong>Urdu Title:</strong> صحرا کا متلاشی صوفی ازم پہ مباحثہ</p><p><strong>Author:</strong> Guru Rajneesh Osho</p><p>Beautifully printed and bound edition published by Book Corner. Ideal for readers and collectors.</p>,Guru Rajneesh Osho,,Books,Psychology,true,Title,Default Title,KW-GUR-0346,400,shopify,100,deny,manual,500,600,true,false,,https://media.bookcorner.shop/uploads/5fb500f7147381605697783.jpg,1,sehra ka mutlashi,false,,,,,g,,,,,active
your-brain-knows-more-than-you-think,Your Brain Knows More Than You Think,<p><strong>Book Title:</strong> Your Brain Knows More Than You Think</p><p><strong>Author:</strong> Niels Birbaumer</p><p>Beautifully printed and bound edition published by Book Corner. Ideal for readers and collectors.</p>,Niels Birbaumer,,Books,Psychology,true,Title,Default Title,KW-NIE-0347,400,shopify,100,deny,manual,1199,1500,true,false,,https://media.bookcorner.shop/uploads/68fa0b4ad1f541761217354.jpg,1,Your Brain Knows More Than You Think,false,,,,,g,,,,,active
kamyab-zindagi-4-parts,Kamyab Zindagi (4 Parts),<p><strong>Book Title:</strong> Kamyab Zindagi (4 Parts)</p><p><strong>Urdu Title:</strong> کامیاب زندگی (4 حصے)</p><p><strong>Author:</strong> Khalid Rehman</p><p>Beautifully printed and bound edition published by Book Corner. Ideal for readers and collectors.</p>,Khalid Rehman,,Books,Psychology,true,Title,Default Title,KW-KHA-0348,400,shopify,100,deny,manual,1700,2100,true,false,,https://media.bookcorner.shop/uploads/6151c6ecac7491632749292.jpg,1,Kamyab Zindagi (4 Parts),false,,,,,g,,,,,active
surag-e-zindgi,Surag e Zindgi,<p><strong>Book Title:</strong> Surag e Zindgi</p><p><strong>Urdu Title:</strong> سراغ زندگی</p><p><strong>Author:</strong> Guru Rajneesh Osho</p><p>Beautifully printed and bound edition published by Book Corner. Ideal for readers and collectors.</p>,Guru Rajneesh Osho,,Books,Psychology,true,Title,Default Title,KW-GUR-0349,400,shopify,100,deny,manual,500,600,true,false,,https://media.bookcorner.shop/uploads/64df1402da1251692341250.jpg,1,Surag e Zindgi,false,,,,,g,,,,,active
omer-khayam,Omer Khayam,<p><strong>Book Title:</strong> Omer Khayam</p><p><strong>Urdu Title:</strong> عمر خیام</p><p><strong>Author:</strong> Syed Suleman Nadvi</p><p>Beautifully printed and bound edition published by Book Corner. Ideal for readers and collectors.</p>,Syed Suleman Nadvi,,Books,Science,true,Title,Default Title,KW-SYE-0350,400,shopify,100,deny,manual,1500,1900,true,false,,https://media.bookcorner.shop/uploads/156.jpg,1,Omer Khayam,false,,,,,g,,,,,active
baray-sawalon-kay-mukhtasar-jawab-1,Baray Sawalon Kay Mukhtasar Jawab,<p><strong>Book Title:</strong> Baray Sawalon Kay Mukhtasar Jawab</p><p><strong>Urdu Title:</strong> بڑے سوالوں کے مختصر جواب</p><p><strong>Author:</strong> Stephen Hawking</p><p>Beautifully printed and bound edition published by Book Corner. Ideal for readers and collectors.</p>,Stephen Hawking,,Books,Science,true,Title,Default Title,KW-STE-0351,400,shopify,100,deny,manual,1500,1900,true,false,,https://media.bookcorner.shop/uploads/5e75c8df647ce1584777439.jpg,1,Baray Sawalon Kay Mukhtasar Jawab,false,,,,,g,,,,,active
Q-S,Quran aur Science,<p><strong>Book Title:</strong> Quran aur Science</p><p><strong>Urdu Title:</strong> قرآن اور سائنس</p><p><strong>Author:</strong> Dr. Humayun Asghar</p><p>Beautifully printed and bound edition published by Book Corner. Ideal for readers and collectors.</p>,Dr. Humayun Asghar,,Books,Science,true,Title,Default Title,KW-DR.-0352,400,shopify,100,deny,manual,3000,3750,true,false,,https://media.bookcorner.shop/uploads/646dc6e73f13b1684915943.jpg,1,Quran aur Science,false,,,,,g,,,,,active
zindagi-maut,Zindagi aur maut,<p><strong>Book Title:</strong> Zindagi aur maut</p><p><strong>Urdu Title:</strong> زندگی اور موت</p><p><strong>Author:</strong> Carl Sagan</p><p>Beautifully printed and bound edition published by Book Corner. Ideal for readers and collectors.</p>,Carl Sagan,,Books,Science,true,Title,Default Title,KW-CAR-0353,400,shopify,100,deny,manual,1200,1500,true,false,,https://media.bookcorner.shop/uploads/631da2a698e3c1662886566.jpg,1,Zindagi aur maut,false,,,,,g,,,,,active
cosmos-sagan,Cosmos,<p><strong>Book Title:</strong> Cosmos</p><p><strong>Urdu Title:</strong> کاسموس</p><p><strong>Author:</strong> Carl Sagan</p><p>Beautifully printed and bound edition published by Book Corner. Ideal for readers and collectors.</p>,Carl Sagan,,Books,Science,true,Title,Default Title,KW-CAR-0354,400,shopify,100,deny,manual,1500,1900,true,false,,https://media.bookcorner.shop/uploads/62b548fa8f33f1656047866.jpg,1,Cosmos,false,,,,,g,,,,,active
himalaya-se-buland-sazish,Himalaya Se Buland Sazish,<p><strong>Book Title:</strong> Himalaya Se Buland Sazish</p><p><strong>Urdu Title:</strong> ہمالیہ سے بلند سازش</p><p><strong>Author:</strong> Iftikhar Azam</p><p>Beautifully printed and bound edition published by Book Corner. Ideal for readers and collectors.</p>,Iftikhar Azam,,Books,Science,true,Title,Default Title,KW-IFT-0355,400,shopify,100,deny,manual,995,1250,true,false,,https://media.bookcorner.shop/uploads/61e05a7059e641642093168.jpg,1,Himalaya Se Buland Sazish,false,,,,,g,,,,,active
kitab-ul-urooj,Kitab ul Urooj (4 Color - Pictorial Edition),<p><strong>Book Title:</strong> Kitab ul Urooj (4 Color - Pictorial Edition)</p><p><strong>Urdu Title:</strong> کتاب العروج (4 رنگہ ایڈیشن)</p><p><strong>Author:</strong> Rashid Shaz</p><p>Beautifully printed and bound edition published by Book Corner. Ideal for readers and collectors.</p>,Rashid Shaz,,Books,Science,true,Title,Default Title,KW-RAS-0356,400,shopify,100,deny,manual,2000,2500,true,false,,https://media.bookcorner.shop/uploads/61fcd84f3eb9a1643960399.jpg,1,Kitab ul Urooj (4 Color - Pictorial Edition),false,,,,,g,,,,,active
quran-bible-aur-science,"Bible, Quran aur Science","<p><strong>Book Title:</strong> Bible, Quran aur Science</p><p><strong>Urdu Title:</strong> بائبل، قرآن اور سائنس</p><p><strong>Author:</strong> Maurice Bucaille</p><p>Beautifully printed and bound edition published by Book Corner. Ideal for readers and collectors.</p>",Maurice Bucaille,,Books,Science,true,Title,Default Title,KW-MAU-0357,400,shopify,100,deny,manual,1000,1250,true,false,,,1,"Bible, Quran aur Science",false,,,,,g,,,,,active
mazhab-aur-science-1,Mazhab Aur Science,<p><strong>Book Title:</strong> Mazhab Aur Science</p><p><strong>Urdu Title:</strong> مذہب اور سائنس</p><p><strong>Author:</strong> Maulana Waheed ud Din Khan</p><p>Beautifully printed and bound edition published by Book Corner. Ideal for readers and collectors.</p>,Maulana Waheed ud Din Khan,,Books,Science,true,Title,Default Title,KW-MAU-0358,400,shopify,100,deny,manual,500,600,true,false,,https://media.bookcorner.shop/uploads/63b57cd7865201672838359.jpg,1,Mazhab Aur Science,false,,,,,g,,,,,active
khuda-ki-daryaft,Khuda Ki Daryaft,<p><strong>Book Title:</strong> Khuda Ki Daryaft</p><p><strong>Urdu Title:</strong> خدا کی دریافت</p><p><strong>Author:</strong> Maulana Waheed ud Din Khan</p><p>Beautifully printed and bound edition published by Book Corner. Ideal for readers and collectors.</p>,Maulana Waheed ud Din Khan,,Books,Science,true,Title,Default Title,KW-MAU-0359,400,shopify,100,deny,manual,800,1000,true,false,,https://media.bookcorner.shop/uploads/5fb8f6a95909e1605957289.jpg,1,Khuda Ki Daryaft,false,,,,,g,,,,,active
do-saqaftayn,Do Saqaftayn,<p><strong>Book Title:</strong> Do Saqaftayn</p><p><strong>Urdu Title:</strong> دو ثقافتیں</p><p><strong>Author:</strong> C. P. Snow</p><p>Beautifully printed and bound edition published by Book Corner. Ideal for readers and collectors.</p>,C. P. Snow,,Books,Science,true,Title,Default Title,KW-C. -0360,400,shopify,100,deny,manual,110,150,true,false,,https://media.bookcorner.shop/uploads/61110ce42213a1628507364.jpg,1,Do Saqaftayn,false,,,,,g,,,,,active
abc-of-relativity,ABC of Relativity,<p><strong>Book Title:</strong> ABC of Relativity</p><p><strong>Author:</strong> Bertrand Russell</p><p>Beautifully printed and bound edition published by Book Corner. Ideal for readers and collectors.</p>,Bertrand Russell,,Books,Science,true,Title,Default Title,KW-BER-0361,400,shopify,100,deny,manual,550,700,true,false,,https://media.bookcorner.shop/uploads/644a264b940771682581067.jpg,1,ABC of Relativity,false,,,,,g,,,,,active
brief-answers-to-the-big-questions,Brief Answers to the Big Questions,<p><strong>Book Title:</strong> Brief Answers to the Big Questions</p><p><strong>Author:</strong> Stephen Hawking</p><p>Beautifully printed and bound edition published by Book Corner. Ideal for readers and collectors.</p>,Stephen Hawking,,Books,Science,true,Title,Default Title,KW-STE-0362,400,shopify,100,deny,manual,950,1200,true,false,,https://media.bookcorner.shop/uploads/605ef3f427e461616835572.jpg,1,Brief Answers to the Big Questions,false,,,,,g,,,,,active
the-scientific-outlook,The Scientific Outlook,<p><strong>Book Title:</strong> The Scientific Outlook</p><p><strong>Author:</strong> Bertrand Russell</p><p>Beautifully printed and bound edition published by Book Corner. Ideal for readers and collectors.</p>,Bertrand Russell,,Books,Science,true,Title,Default Title,KW-BER-0363,400,shopify,100,deny,manual,650,800,true,false,,https://media.bookcorner.shop/uploads/644a259d2b4f51682580893.jpg,1,The Scientific Outlook,false,,,,,g,,,,,active
data-science-r,Data Science,<p><strong>Book Title:</strong> Data Science</p><p><strong>Urdu Title:</strong> ڈیٹا سائنس</p><p><strong>Author:</strong> ZEESHAN UL HASSAN USMANI</p><p>Beautifully printed and bound edition published by Book Corner. Ideal for readers and collectors.</p>,ZEESHAN UL HASSAN USMANI,,Books,Science,true,Title,Default Title,KW-ZEE-0364,400,shopify,100,deny,manual,1500,1900,true,false,,https://media.bookcorner.shop/uploads/671c9eb4ea5cd1729928884.jpg,1,Data Science,false,,,,,g,,,,,active
kurra-e-arzi-say-insani-hijrat-awr-yajuj-majuj-ki-haqiqat,KURRA E ARZI SAY INSANI HIJRAT AWR YAJUJ MAJUJ KI HAQIQAT,<p><strong>Book Title:</strong> KURRA E ARZI SAY INSANI HIJRAT AWR YAJUJ MAJUJ KI HAQIQAT</p><p><strong>Urdu Title:</strong> کرہ ارضی سے انسانی ہجرت اور یاجوج ماجوج کی حقیقت</p><p><strong>Author:</strong> Dr Hussain Mohi Ud Din Qadri</p><p>Beautifully printed and bound edition published by Book Corner. Ideal for readers and collectors.</p>,Dr Hussain Mohi Ud Din Qadri,,Books,Science,true,Title,Default Title,KW-DR -0365,400,shopify,100,deny,manual,490,600,true,false,,https://media.bookcorner.shop/uploads/63830f88efe161669533576.jpg,1,KURRA E ARZI SAY INSANI HIJRAT AWR YAJUJ MAJUJ KI HAQIQAT,false,,,,,g,,,,,active
kala-bagh-dam,Kala Bagh Dam,<p><strong>Book Title:</strong> Kala Bagh Dam</p><p><strong>Urdu Title:</strong> کالا باغ ڈیم</p><p><strong>Author:</strong> Zafar Mahmood</p><p>Beautifully printed and bound edition published by Book Corner. Ideal for readers and collectors.</p>,Zafar Mahmood,,Books,Science,true,Title,Default Title,KW-ZAF-0366,400,shopify,100,deny,manual,600,750,true,false,,https://media.bookcorner.shop/uploads/6363af48543241667477320.jpg,1,Kala Bagh Dam,false,,,,,g,,,,,active
falsafa-science-aur-tehzeeb,Falsafa Science Aur Tehzeeb,<p><strong>Book Title:</strong> Falsafa Science Aur Tehzeeb</p><p><strong>Urdu Title:</strong> فلسفہ سائنس اور تہذیب</p><p><strong>Author:</strong> Karl Popper</p><p>Beautifully printed and bound edition published by Book Corner. Ideal for readers and collectors.</p>,Karl Popper,,Books,Science,true,Title,Default Title,KW-KAR-0367,400,shopify,100,deny,manual,800,1000,true,false,,https://media.bookcorner.shop/uploads/630b59b7746601661688247.jpg,1,Falsafa Science Aur Tehzeeb,false,,,,,g,,,,,active
pakistan-taleem,"Pakistan, Taleem aur Ikeesvin Sadi (5th Edition)","<p><strong>Book Title:</strong> Pakistan, Taleem aur Ikeesvin Sadi (5th Edition)</p><p><strong>Urdu Title:</strong> پاکستان، تعلیم اور اکیسویں صدی</p><p><strong>Author:</strong> Shahid Siddiqui</p><p>Beautifully printed and bound edition published by Book Corner. Ideal for readers and collectors.</p>",Shahid Siddiqui,,Books,Education,true,Title,Default Title,KW-SHA-0368,400,shopify,100,deny,manual,1500,1900,true,false,,https://media.bookcorner.shop/uploads/67fcd72971cf91744623401.jpg,1,"Pakistan, Taleem aur Ikeesvin Sadi (5th Edition)",false,,,,,g,,,,,active
Urdu-9-books-set,Apni Urdu Ko Behtar Sy Behtar Banayn | 9 Books Set,<p><strong>Book Title:</strong> Apni Urdu Ko Behtar Sy Behtar Banayn | 9 Books Set</p><p><strong>Urdu Title:</strong> اپنی اردو کو بہتر سے بہتر بنائیے | 9 بے مثال کتابیں</p><p><strong>Author:</strong> Dr. Molvi Abdul Haq</p><p>Beautifully printed and bound edition published by Book Corner. Ideal for readers and collectors.</p>,Dr. Molvi Abdul Haq,,Books,Education,true,Title,Default Title,KW-DR.-0369,400,shopify,100,deny,manual,6200,7750,true,false,,https://media.bookcorner.shop/uploads/642fcd4f1a6a91680854351.jpg,1,Apni Urdu Ko Behtar Sy Behtar Banayn | 9 Books Set,false,,,,,g,,,,,active
raah-dariyan,Ilm ki raah-dariyan,<p><strong>Book Title:</strong> Ilm ki raah-dariyan</p><p><strong>Urdu Title:</strong> علم کی راہداریاں</p><p><strong>Author:</strong> Saeed Ahmad Buzdar</p><p>Beautifully printed and bound edition published by Book Corner. Ideal for readers and collectors.</p>,Saeed Ahmad Buzdar,,Books,Education,true,Title,Default Title,KW-SAE-0370,400,shopify,100,deny,manual,1200,1500,true,false,,https://media.bookcorner.shop/uploads/65d73057464c91708601431.jpg,1,Ilm ki raah-dariyan,false,,,,,g,,,,,active
insha-aur-talaffuz,Insha aur Talaffuz,<p><strong>Book Title:</strong> Insha aur Talaffuz</p><p><strong>Urdu Title:</strong> انشا اور تلفظ</p><p><strong>Author:</strong> Rasheed Hassan Khan</p><p>Beautifully printed and bound edition published by Book Corner. Ideal for readers and collectors.</p>,Rasheed Hassan Khan,,Books,Education,true,Title,Default Title,KW-RAS-0371,400,shopify,100,deny,manual,500,600,true,false,,https://media.bookcorner.shop/uploads/5d96edf12e5541570172401.jpg,1,Insha aur Talaffuz,false,,,,,g,,,,,active
ibaarat-kaise-likhain,Ibaarat Kaise Likhain,<p><strong>Book Title:</strong> Ibaarat Kaise Likhain</p><p><strong>Urdu Title:</strong> عبارت کیسے لکھیں</p><p><strong>Author:</strong> Rasheed Hassan Khan</p><p>Beautifully printed and bound edition published by Book Corner. Ideal for readers and collectors.</p>,Rasheed Hassan Khan,,Books,Education,true,Title,Default Title,KW-RAS-0372,400,shopify,100,deny,manual,700,900,true,false,,https://media.bookcorner.shop/uploads/5d96ee33d5d861570172467.jpg,1,Ibaarat Kaise Likhain,false,,,,,g,,,,,active
roshan-rahain,Roshan Rahain,<p><strong>Book Title:</strong> Roshan Rahain</p><p><strong>Urdu Title:</strong> روشن راہیں - تخلیقی ذہن اور تخلیقی تعلیم کا فروغ</p><p><strong>Author:</strong> Prof. Saeed Rashid Alig</p><p>Beautifully printed and bound edition published by Book Corner. Ideal for readers and collectors.</p>,Prof. Saeed Rashid Alig,,Books,Education,true,Title,Default Title,KW-PRO-0373,400,shopify,100,deny,manual,800,1000,true,false,,https://media.bookcorner.shop/uploads/5d96eebe378031570172606.jpg,1,Roshan Rahain,false,,,,,g,,,,,active
hyper-talent-dictionary-eng-to-urdu,Hyper Talent Dictionary (Eng to Urdu),<p><strong>Book Title:</strong> Hyper Talent Dictionary (Eng to Urdu)</p><p><strong>Author:</strong> Syed Ali Imran</p><p>Beautifully printed and bound edition published by Book Corner. Ideal for readers and collectors.</p>,Syed Ali Imran,,Books,Education,true,Title,Default Title,KW-SYE-0374,400,shopify,100,deny,manual,1500,1900,true,false,,https://media.bookcorner.shop/uploads/258.jpg,1,Hyper Talent Dictionary (Eng to Urdu),false,,,,,g,,,,,active
asatza-bureaucracy-aur-siasatdan,"Asatza, Bureaucracy aur Siasatdan","<p><strong>Book Title:</strong> Asatza, Bureaucracy aur Siasatdan</p><p><strong>Urdu Title:</strong> اساتذہ، بیوروکریسی اور سیاستدان</p><p><strong>Author:</strong> Javed Ahmed Malik</p><p>Beautifully printed and bound edition published by Book Corner. Ideal for readers and collectors.</p>",Javed Ahmed Malik,,Books,"Education, Politics",true,Title,Default Title,KW-JAV-0375,400,shopify,100,deny,manual,900,1100,true,false,,https://media.bookcorner.shop/uploads/5feee82fd12221609492527.jpg,1,"Asatza, Bureaucracy aur Siasatdan",false,,,,,g,,,,,active
ham-kaisay-parhain,Ham Kaisay Parhain,<p><strong>Book Title:</strong> Ham Kaisay Parhain</p><p><strong>Urdu Title:</strong> ہم کیسے پڑھائیں؟</p><p><strong>Author:</strong> Salamat Ullah</p><p>Beautifully printed and bound edition published by Book Corner. Ideal for readers and collectors.</p>,Salamat Ullah,,Books,Education,true,Title,Default Title,KW-SAL-0376,400,shopify,100,deny,manual,300,400,true,false,,,1,Ham Kaisay Parhain,false,,,,,g,,,,,active
Arabic-course,Arabic Course - Daroos Ul Lughatul Arabia (3 Vols Set),<p><strong>Book Title:</strong> Arabic Course - Daroos Ul Lughatul Arabia (3 Vols Set)</p><p><strong>Author:</strong> Dr. V. Abdur Rahim</p><p>Beautifully printed and bound edition published by Book Corner. Ideal for readers and collectors.</p>,Dr. V. Abdur Rahim,,Books,Education,true,Title,Default Title,KW-DR.-0377,400,shopify,100,deny,manual,3905,4900,true,false,,https://media.bookcorner.shop/uploads/60e555737d1a31625642355.jpg,1,Arabic Course - Daroos Ul Lughatul Arabia (3 Vols Set),false,,,,,g,,,,,active
sales-and-marketing-1,Sales And Marketing (Vol 2),<p><strong>Book Title:</strong> Sales And Marketing (Vol 2)</p><p><strong>Urdu Title:</strong> سیلز اینڈ مارکیٹنگ (جلد دوم)</p><p><strong>Author:</strong> Kitab Team</p><p>Beautifully printed and bound edition published by Book Corner. Ideal for readers and collectors.</p>,Kitab Team,,Books,Education,true,Title,Default Title,KW-KIT-0378,400,shopify,100,deny,manual,550,700,true,false,,https://media.bookcorner.shop/uploads/65ffdf5cd8e251711267676.jpg,1,Sales And Marketing (Vol 2),false,,,,,g,,,,,active
my-reading-book-4-in-1,My Reading Book 4 in 1,<p><strong>Book Title:</strong> My Reading Book 4 in 1</p><p><strong>Author:</strong> Unknown Author</p><p>Beautifully printed and bound edition published by Book Corner. Ideal for readers and collectors.</p>,Unknown Author,,Books,Education,true,Title,Default Title,KW-UNK-0379,400,shopify,100,deny,manual,200,250,true,false,,https://media.bookcorner.shop/uploads/60c3028c667b11623392908.jpg,1,My Reading Book 4 in 1,false,,,,,g,,,,,active
urdu-nastalique-writing-book-a,Urdu Nastalique Writing Book (A),<p><strong>Book Title:</strong> Urdu Nastalique Writing Book (A)</p><p><strong>Urdu Title:</strong> اردو نستعلیق (A)</p><p><strong>Author:</strong> Unknown Author</p><p>Beautifully printed and bound edition published by Book Corner. Ideal for readers and collectors.</p>,Unknown Author,,Books,Education,true,Title,Default Title,KW-UNK-0380,400,shopify,100,deny,manual,130,150,true,false,,https://media.bookcorner.shop/uploads/60c30180920ea1623392640.jpg,1,Urdu Nastalique Writing Book (A),false,,,,,g,,,,,active
urdu-nastalique-writing-book-b,Urdu Nastalique Writing Book (B),<p><strong>Book Title:</strong> Urdu Nastalique Writing Book (B)</p><p><strong>Urdu Title:</strong> اردو نستعلیق (B)</p><p><strong>Author:</strong> Unknown Author</p><p>Beautifully printed and bound edition published by Book Corner. Ideal for readers and collectors.</p>,Unknown Author,,Books,Education,true,Title,Default Title,KW-UNK-0381,400,shopify,100,deny,manual,130,150,true,false,,https://media.bookcorner.shop/uploads/60c30170bf8df1623392624.jpg,1,Urdu Nastalique Writing Book (B),false,,,,,g,,,,,active
urdu-nastalique-writing-book-c,Urdu Nastalique Writing Book (C),<p><strong>Book Title:</strong> Urdu Nastalique Writing Book (C)</p><p><strong>Urdu Title:</strong> اردو نستعلیق (C)</p><p><strong>Author:</strong> Unknown Author</p><p>Beautifully printed and bound edition published by Book Corner. Ideal for readers and collectors.</p>,Unknown Author,,Books,Education,true,Title,Default Title,KW-UNK-0382,400,shopify,100,deny,manual,130,150,true,false,,https://media.bookcorner.shop/uploads/60c30156d9efa1623392598.jpg,1,Urdu Nastalique Writing Book (C),false,,,,,g,,,,,active
urdu-nastalique-writing-book-grade-1,Urdu Nastalique Writing Book Grade – 1,<p><strong>Book Title:</strong> Urdu Nastalique Writing Book Grade – 1</p><p><strong>Urdu Title:</strong> اردو نستعلیق (1)</p><p><strong>Author:</strong> Unknown Author</p><p>Beautifully printed and bound edition published by Book Corner. Ideal for readers and collectors.</p>,Unknown Author,,Books,Education,true,Title,Default Title,KW-UNK-0383,400,shopify,100,deny,manual,130,150,true,false,,https://media.bookcorner.shop/uploads/60c301465e4471623392582.jpg,1,Urdu Nastalique Writing Book Grade – 1,false,,,,,g,,,,,active
urdu-nastalique-writing-book-grade-2-1,Urdu Nastalique Writing Book Grade – 2,<p><strong>Book Title:</strong> Urdu Nastalique Writing Book Grade – 2</p><p><strong>Urdu Title:</strong> اردو نستعلیق (2)</p><p><strong>Author:</strong> Unknown Author</p><p>Beautifully printed and bound edition published by Book Corner. Ideal for readers and collectors.</p>,Unknown Author,,Books,Education,true,Title,Default Title,KW-UNK-0384,400,shopify,100,deny,manual,130,150,true,false,,https://media.bookcorner.shop/uploads/60c30123d54421623392547.jpg,1,Urdu Nastalique Writing Book Grade – 2,false,,,,,g,,,,,active
urdu-nastalique-writing-book-grade-3,Urdu Nastalique Writing Book Grade – 3,<p><strong>Book Title:</strong> Urdu Nastalique Writing Book Grade – 3</p><p><strong>Urdu Title:</strong> اردو نستعلیق (3)</p><p><strong>Author:</strong> Unknown Author</p><p>Beautifully printed and bound edition published by Book Corner. Ideal for readers and collectors.</p>,Unknown Author,,Books,Education,true,Title,Default Title,KW-UNK-0385,400,shopify,100,deny,manual,130,150,true,false,,https://media.bookcorner.shop/uploads/60c2ffd6936291623392214.jpg,1,Urdu Nastalique Writing Book Grade – 3,false,,,,,g,,,,,active
masla-e-falasteen,Masla e Falasteen,<p><strong>Book Title:</strong> Masla e Falasteen</p><p><strong>Urdu Title:</strong> مسئلہ فلسطین</p><p><strong>Author:</strong> Edward Said</p><p>Beautifully printed and bound edition published by Book Corner. Ideal for readers and collectors.</p>,Edward Said,,Books,Politics,true,Title,Default Title,KW-EDW-0386,400,shopify,100,deny,manual,1200,1500,true,false,,https://media.bookcorner.shop/uploads/6048c84d593681615382605.jpg,1,Masla e Falasteen,false,,,,,g,,,,,active
aik-qatal,Aik Qatal Jo Na Ho Saka,<p><strong>Book Title:</strong> Aik Qatal Jo Na Ho Saka</p><p><strong>Urdu Title:</strong> ایک قتل جو نہ ہو سکا</p><p><strong>Author:</strong> Rauf Klasra</p><p>Beautifully printed and bound edition published by Book Corner. Ideal for readers and collectors.</p>,Rauf Klasra,,Books,Politics,true,Title,Default Title,KW-RAU-0387,400,shopify,100,deny,manual,800,1000,true,false,,https://media.bookcorner.shop/uploads/6278ea785f96f1652091512.jpg,1,Aik Qatal Jo Na Ho Saka,false,,,,,g,,,,,active
mujhe-qatal,Agar Mujhe Qatal Kia Gaya,<p><strong>Book Title:</strong> Agar Mujhe Qatal Kia Gaya</p><p><strong>Urdu Title:</strong> اگر مجھے قتل کیا گیا</p><p><strong>Author:</strong> Zulfiqar Ali Bhutto</p><p>Beautifully printed and bound edition published by Book Corner. Ideal for readers and collectors.</p>,Zulfiqar Ali Bhutto,,Books,Politics,true,Title,Default Title,KW-ZUL-0388,400,shopify,100,deny,manual,800,1000,true,false,,https://media.bookcorner.shop/uploads/6249ef4938e7d1649012553.jpg,1,Agar Mujhe Qatal Kia Gaya,false,,,,,g,,,,,active
sarkar-ki-rahguzar-se,Sarkar ki rahguzar se,<p><strong>Book Title:</strong> Sarkar ki rahguzar se</p><p><strong>Urdu Title:</strong> سرکار کی رہ گزر سے</p><p><strong>Author:</strong> Zafar Mahmood</p><p>Beautifully printed and bound edition published by Book Corner. Ideal for readers and collectors.</p>,Zafar Mahmood,,Books,Politics,true,Title,Default Title,KW-ZAF-0389,400,shopify,100,deny,manual,1500,1900,true,false,,https://media.bookcorner.shop/uploads/63c68d0336f4e1673956611.jpg,1,Sarkar ki rahguzar se,false,,,,,g,,,,,active
ban-baas,Ban Baas - An Autobiography,<p><strong>Book Title:</strong> Ban Baas - An Autobiography</p><p><strong>Urdu Title:</strong> بن باس (خودنوشت)</p><p><strong>Author:</strong> Raja Anwar</p><p>Beautifully printed and bound edition published by Book Corner. Ideal for readers and collectors.</p>,Raja Anwar,,Books,Politics,true,Title,Default Title,KW-RAJ-0390,400,shopify,100,deny,manual,1500,1900,true,false,,https://media.bookcorner.shop/uploads/65af75cd09ee71705997773.jpg,1,Ban Baas - An Autobiography,false,,,,,g,,,,,active
qabar-ki-aaghosh,Qabar ki Aaghosh,<p><strong>Book Title:</strong> Qabar ki Aaghosh</p><p><strong>Urdu Title:</strong> قبر کی آغوش</p><p><strong>Author:</strong> Raja Anwar</p><p>Beautifully printed and bound edition published by Book Corner. Ideal for readers and collectors.</p>,Raja Anwar,,Books,Politics,true,Title,Default Title,KW-RAJ-0391,400,shopify,100,deny,manual,1200,1500,true,false,,https://media.bookcorner.shop/uploads/65af808b518911706000523.jpg,1,Qabar ki Aaghosh,false,,,,,g,,,,,active
BJCJ,Bari Jail Se Choti Jail Tak,<p><strong>Book Title:</strong> Bari Jail Se Choti Jail Tak</p><p><strong>Urdu Title:</strong> بڑی جیل سے چھوٹی جیل تک</p><p><strong>Author:</strong> Raja Anwar</p><p>Beautifully printed and bound edition published by Book Corner. Ideal for readers and collectors.</p>,Raja Anwar,,Books,Politics,true,Title,Default Title,KW-RAJ-0392,400,shopify,100,deny,manual,999,1250,true,false,,https://media.bookcorner.shop/uploads/65cc95d9619c31707906521.jpg,1,Bari Jail Se Choti Jail Tak,false,,,,,g,,,,,active
dahshat,Dahshat-gard Shahzada,<p><strong>Book Title:</strong> Dahshat-gard Shahzada</p><p><strong>Urdu Title:</strong> دہشت گرد شہزادہ</p><p><strong>Author:</strong> Raja Anwar</p><p>Beautifully printed and bound edition published by Book Corner. Ideal for readers and collectors.</p>,Raja Anwar,,Books,Politics,true,Title,Default Title,KW-RAJ-0393,400,shopify,100,deny,manual,1500,1900,true,false,,https://media.bookcorner.shop/uploads/67c995df6c4211741264351.jpg,1,Dahshat-gard Shahzada,false,,,,,g,,,,,active
kavaakib,Hain Kavaakib Kuch,<p><strong>Book Title:</strong> Hain Kavaakib Kuch</p><p><strong>Urdu Title:</strong> ہیں کواکب کچھ</p><p><strong>Author:</strong> Muhammad Ahsan Rana</p><p>Beautifully printed and bound edition published by Book Corner. Ideal for readers and collectors.</p>,Muhammad Ahsan Rana,,Books,Politics,true,Title,Default Title,KW-MUH-0394,400,shopify,100,deny,manual,3000,3750,true,false,,https://media.bookcorner.shop/uploads/65f2e97a8ca2f1710418298.jpg,1,Hain Kavaakib Kuch,false,,,,,g,,,,,active
ringside,Ringside,<p><strong>Book Title:</strong> Ringside</p><p><strong>Author:</strong> Nasim Ashraf</p><p>Beautifully printed and bound edition published by Book Corner. Ideal for readers and collectors.</p>,Nasim Ashraf,,Books,Politics,true,Title,Default Title,KW-NAS-0395,400,shopify,100,deny,manual,2495,3100,true,false,,https://media.bookcorner.shop/uploads/677107351f2aa1735460661.jpg,1,Ringside,false,,,,,g,,,,,active
mazi-ka-hamam,Mazi Ka Hamam,<p><strong>Book Title:</strong> Mazi Ka Hamam</p><p><strong>Urdu Title:</strong> ماضی کا حمام</p><p><strong>Author:</strong> Raja Anwar</p><p>Beautifully printed and bound edition published by Book Corner. Ideal for readers and collectors.</p>,Raja Anwar,,Books,Politics,true,Title,Default Title,KW-RAJ-0396,400,shopify,100,deny,manual,1500,1900,true,false,,https://media.bookcorner.shop/uploads/679637aed3c191737897902.jpg,1,Mazi Ka Hamam,false,,,,,g,,,,,active
nisf-sadi,Nisf Sadi Ke Zakhm,<p><strong>Book Title:</strong> Nisf Sadi Ke Zakhm</p><p><strong>Urdu Title:</strong> نصف صدی کے زخم</p><p><strong>Author:</strong> Raja Anwar</p><p>Beautifully printed and bound edition published by Book Corner. Ideal for readers and collectors.</p>,Raja Anwar,,Books,Politics,true,Title,Default Title,KW-RAJ-0397,400,shopify,100,deny,manual,1200,1500,true,false,,https://media.bookcorner.shop/uploads/684979a58b9b61749645733.jpg,1,Nisf Sadi Ke Zakhm,false,,,,,g,,,,,active
Pak-India,"Pakistan-India Relations: Fractured Past, Uncertain Future","<p><strong>Book Title:</strong> Pakistan-India Relations: Fractured Past, Uncertain Future</p><p><strong>Author:</strong> AIZAZ AHMAD CHAUDHRY</p><p>Beautifully printed and bound edition published by Book Corner. Ideal for readers and collectors.</p>",AIZAZ AHMAD CHAUDHRY,,Books,Politics,true,Title,Default Title,KW-AIZ-0398,400,shopify,100,deny,manual,1995,2500,true,false,,https://media.bookcorner.shop/uploads/68b1d5f0781a91756485104.jpg,1,"Pakistan-India Relations: Fractured Past, Uncertain Future",false,,,,,g,,,,,active
waqt-ki-kasauti,Waqt Ki Kasauti,<p><strong>Book Title:</strong> Waqt Ki Kasauti</p><p><strong>Urdu Title:</strong> وقت کی کسوٹی</p><p><strong>Author:</strong> Molvi Tamizuddin Khan</p><p>Beautifully printed and bound edition published by Book Corner. Ideal for readers and collectors.</p>,Molvi Tamizuddin Khan,,Books,Politics,true,Title,Default Title,KW-MOL-0399,400,shopify,100,deny,manual,2000,2500,true,false,,https://media.bookcorner.shop/uploads/6a37bff448e881782038516.jpg,1,Waqt Ki Kasauti,false,,,,,g,,,,,active
waqt-khud-btaey-ga,Waqt Khud Btaey Ga,<p><strong>Book Title:</strong> Waqt Khud Btaey Ga</p><p><strong>Urdu Title:</strong> وقت خود بتا دے گا</p><p><strong>Author:</strong> Taiba Zia</p><p>Beautifully printed and bound edition published by Book Corner. Ideal for readers and collectors.</p>,Taiba Zia,,Books,Politics,true,Title,Default Title,KW-TAI-0400,400,shopify,100,deny,manual,500,600,true,false,,,1,Waqt Khud Btaey Ga,false,,,,,g,,,,,active
sach-to-yah-hai,Sach To Yah Hai,<p><strong>Book Title:</strong> Sach To Yah Hai</p><p><strong>Urdu Title:</strong> سچ تو یہ ہے</p><p><strong>Author:</strong> Taiba Zia</p><p>Beautifully printed and bound edition published by Book Corner. Ideal for readers and collectors.</p>,Taiba Zia,,Books,Politics,true,Title,Default Title,KW-TAI-0401,400,shopify,100,deny,manual,500,600,true,false,,https://media.bookcorner.shop/uploads/5e1ac64e09e501578813006.jpg,1,Sach To Yah Hai,false,,,,,g,,,,,active
aawam-parliament-islam,Aawam Parliament Islam,<p><strong>Book Title:</strong> Aawam Parliament Islam</p><p><strong>Urdu Title:</strong> عوام پارلیمنٹ اسلام</p><p><strong>Author:</strong> S M Zafar</p><p>Beautifully printed and bound edition published by Book Corner. Ideal for readers and collectors.</p>,S M Zafar,,Books,Pakistan,true,Title,Default Title,KW-S M-0402,400,shopify,100,deny,manual,700,900,true,false,,https://media.bookcorner.shop/uploads/615daf6797ea81633529703.jpg,1,Aawam Parliament Islam,false,,,,,g,,,,,active
sacha-aur-khara-leader,Sacha Aur Khara Leader,<p><strong>Book Title:</strong> Sacha Aur Khara Leader</p><p><strong>Urdu Title:</strong> سچا اور کھرا لیڈر</p><p><strong>Author:</strong> Zia Shahid</p><p>Beautifully printed and bound edition published by Book Corner. Ideal for readers and collectors.</p>,Zia Shahid,,Books,Pakistan,true,Title,Default Title,KW-ZIA-0403,400,shopify,100,deny,manual,2500,3100,true,false,,https://media.bookcorner.shop/uploads/6496df4b06db41687609163.jpg,1,Sacha Aur Khara Leader,false,,,,,g,,,,,active
pakistan-nagzeer-tha-1,Pakistan Nagzeer Tha,<p><strong>Book Title:</strong> Pakistan Nagzeer Tha</p><p><strong>Urdu Title:</strong> پاکستان ناگزیر تھا</p><p><strong>Author:</strong> Syed Hassan Hussaini</p><p>Beautifully printed and bound edition published by Book Corner. Ideal for readers and collectors.</p>,Syed Hassan Hussaini,,Books,Pakistan,true,Title,Default Title,KW-SYE-0404,400,shopify,100,deny,manual,500,600,true,false,,https://media.bookcorner.shop/uploads/6734863bdfb041731495483.jpg,1,Pakistan Nagzeer Tha,false,,,,,g,,,,,active
in-quest-of-jinnah,In Quest of Jinnah,<p><strong>Book Title:</strong> In Quest of Jinnah</p><p><strong>Author:</strong> Henry Hector Bolitho</p><p>Beautifully printed and bound edition published by Book Corner. Ideal for readers and collectors.</p>,Henry Hector Bolitho,,Books,Pakistan,true,Title,Default Title,KW-HEN-0405,400,shopify,100,deny,manual,1285,1600,true,false,,https://media.bookcorner.shop/uploads/64d8afedf1ac21691922413.jpg,1,In Quest of Jinnah,false,,,,,g,,,,,active
general-agha-mohammad-yahya-khan,General Agha Mohammad Yahya Khan,<p><strong>Book Title:</strong> General Agha Mohammad Yahya Khan</p><p><strong>Author:</strong> Brigadier A.R. Siddiqi (retd.)</p><p>Beautifully printed and bound edition published by Book Corner. Ideal for readers and collectors.</p>,Brigadier A.R. Siddiqi (retd.),,Books,Pakistan,true,Title,Default Title,KW-BRI-0406,400,shopify,100,deny,manual,895,1100,true,false,,https://media.bookcorner.shop/uploads/64d8af6fd800d1691922287.jpg,1,General Agha Mohammad Yahya Khan,false,,,,,g,,,,,active
pakistan-studies,Pakistan Studies,<p><strong>Book Title:</strong> Pakistan Studies</p><p><strong>Author:</strong> Muhammad Reza Kazimi</p><p>Beautifully printed and bound edition published by Book Corner. Ideal for readers and collectors.</p>,Muhammad Reza Kazimi,,Books,Pakistan,true,Title,Default Title,KW-MUH-0407,400,shopify,100,deny,manual,1235,1550,true,false,,https://media.bookcorner.shop/uploads/64d8ac976cb911691921559.jpg,1,Pakistan Studies,false,,,,,g,,,,,active
pakistan-ka-aain,Pakistan Ka Aain,<p><strong>Book Title:</strong> Pakistan Ka Aain</p><p><strong>Urdu Title:</strong> پاکستان کا آئین</p><p><strong>Author:</strong> Dr. Muhammad Azam Chaudhary</p><p>Beautifully printed and bound edition published by Book Corner. Ideal for readers and collectors.</p>,Dr. Muhammad Azam Chaudhary,,Books,Pakistan,true,Title,Default Title,KW-DR.-0408,400,shopify,100,deny,manual,1800,2250,true,false,,https://media.bookcorner.shop/uploads/68341ff399c4b1748246515.jpg,1,Pakistan Ka Aain,false,,,,,g,,,,,active
quaid-e-azam-ko-kis-ne-mara,Quaid e Azam Ko Kis Ne Mara?,<p><strong>Book Title:</strong> Quaid e Azam Ko Kis Ne Mara?</p><p><strong>Urdu Title:</strong> قائداعظم کو کس نے مارا؟</p><p><strong>Author:</strong> Abdul Sattar Ch.</p><p>Beautifully printed and bound edition published by Book Corner. Ideal for readers and collectors.</p>,Abdul Sattar Ch.,,Books,Pakistan,true,Title,Default Title,KW-ABD-0409,400,shopify,100,deny,manual,680,850,true,false,,https://media.bookcorner.shop/uploads/640050b8b27401677742264.jpg,1,Quaid e Azam Ko Kis Ne Mara?,false,,,,,g,,,,,active
a-princely-affair,A Princely Affair,<p><strong>Book Title:</strong> A Princely Affair</p><p><strong>Author:</strong> Yaqoob Khan Bangash</p><p>Beautifully printed and bound edition published by Book Corner. Ideal for readers and collectors.</p>,Yaqoob Khan Bangash,,Books,Pakistan,true,Title,Default Title,KW-YAQ-0410,400,shopify,100,deny,manual,1100,1400,true,false,,https://media.bookcorner.shop/uploads/638c51feabe0f1670140414.jpg,1,A Princely Affair,false,,,,,g,,,,,active
pakistan-left-review-then-and-now,PAKISTAN LEFT REVIEW: Then and Now,<p><strong>Book Title:</strong> PAKISTAN LEFT REVIEW: Then and Now</p><p><strong>Author:</strong> Nadir Cheema and Stephen M. Lyon</p><p>Beautifully printed and bound edition published by Book Corner. Ideal for readers and collectors.</p>,Nadir Cheema and Stephen M. Lyon,,Books,Pakistan,true,Title,Default Title,KW-NAD-0411,400,shopify,100,deny,manual,1395,1750,true,false,,https://media.bookcorner.shop/uploads/638c50b3619491670140083.jpg,1,PAKISTAN LEFT REVIEW: Then and Now,false,,,,,g,,,,,active
a-short-history-of-pakistan,A Short History Of Pakistan,<p><strong>Book Title:</strong> A Short History Of Pakistan</p><p><strong>Author:</strong> I. H. Qureshi</p><p>Beautifully printed and bound edition published by Book Corner. Ideal for readers and collectors.</p>,I. H. Qureshi,,Books,Pakistan,true,Title,Default Title,KW-I. -0412,400,shopify,100,deny,manual,900,1100,true,false,,https://media.bookcorner.shop/uploads/62932ffd57e211653813245.jpg,1,A Short History Of Pakistan,false,,,,,g,,,,,active
narrating-pakistan-an-anthology-of-contemporary-creative-writing,Narrating Pakistan: An Anthology Of Contemporary Creative Writing,<p><strong>Book Title:</strong> Narrating Pakistan: An Anthology Of Contemporary Creative Writing</p><p><strong>Author:</strong> Saeed Ur Rehman</p><p>Beautifully printed and bound edition published by Book Corner. Ideal for readers and collectors.</p>,Saeed Ur Rehman,,Books,Pakistan,true,Title,Default Title,KW-SAE-0413,400,shopify,100,deny,manual,999,1250,true,false,,https://media.bookcorner.shop/uploads/654b19a66d8881699420582.jpg,1,Narrating Pakistan: An Anthology Of Contemporary Creative Writing,false,,,,,g,,,,,active
ghulamoun-ki-ghulami,Ghulamoun Ki Ghulami,<p><strong>Book Title:</strong> Ghulamoun Ki Ghulami</p><p><strong>Urdu Title:</strong> غلاموں کی غلامی</p><p><strong>Author:</strong> FATEH MUHAMMAD MALIK</p><p>Beautifully printed and bound edition published by Book Corner. Ideal for readers and collectors.</p>,FATEH MUHAMMAD MALIK,,Books,Pakistan,true,Title,Default Title,KW-FAT-0414,400,shopify,100,deny,manual,170,200,true,false,,https://media.bookcorner.shop/uploads/618cc96d511971636616557.jpg,1,Ghulamoun Ki Ghulami,false,,,,,g,,,,,active
haqeeqat-pasand-pakistan-kesa-ho,HAQEEQAT PASAND PAKISTAN KESA HO?,<p><strong>Book Title:</strong> HAQEEQAT PASAND PAKISTAN KESA HO?</p><p><strong>Urdu Title:</strong> حقیقت پسند پاکستان کیسا ہو؟</p><p><strong>Author:</strong> Hussain Haqqani</p><p>Beautifully printed and bound edition published by Book Corner. Ideal for readers and collectors.</p>,Hussain Haqqani,,Books,Pakistan,true,Title,Default Title,KW-HUS-0415,400,shopify,100,deny,manual,1495,1850,true,false,,https://media.bookcorner.shop/uploads/618624acca3141636181164.jpg,1,HAQEEQAT PASAND PAKISTAN KESA HO?,false,,,,,g,,,,,active
the-struggle-for-pakistan-1,The struggle for Pakistan,<p><strong>Book Title:</strong> The struggle for Pakistan</p><p><strong>Author:</strong> Ishtiaq Hussain Qureshi</p><p>Beautifully printed and bound edition published by Book Corner. Ideal for readers and collectors.</p>,Ishtiaq Hussain Qureshi,,Books,Pakistan,true,Title,Default Title,KW-ISH-0416,400,shopify,100,deny,manual,500,600,true,false,,https://media.bookcorner.shop/uploads/6151d4354a35e1632752693.jpg,1,The struggle for Pakistan,false,,,,,g,,,,,active
pakistan-political-roots-development-19471999,"Pakistan: Political Roots & Development, 1947–1999","<p><strong>Book Title:</strong> Pakistan: Political Roots & Development, 1947–1999</p><p><strong>Author:</strong> DR. SAFDAR MAHMOOD</p><p>Beautifully printed and bound edition published by Book Corner. Ideal for readers and collectors.</p>",DR. SAFDAR MAHMOOD,,Books,Pakistan,true,Title,Default Title,KW-DR.-0417,400,shopify,100,deny,manual,1450,1800,true,false,,https://media.bookcorner.shop/uploads/638c449c7673d1670136988.jpg,1,"Pakistan: Political Roots & Development, 1947–1999",false,,,,,g,,,,,active
no-win-war,No-Win War,<p><strong>Book Title:</strong> No-Win War</p><p><strong>Author:</strong> Zahid Hussain</p><p>Beautifully printed and bound edition published by Book Corner. Ideal for readers and collectors.</p>,Zahid Hussain,,Books,Pakistan,true,Title,Default Title,KW-ZAH-0418,400,shopify,100,deny,manual,1080,1350,true,false,,https://media.bookcorner.shop/uploads/60f2e610e48ef1626531344.jpg,1,No-Win War,false,,,,,g,,,,,active
pakistan-ka-jamhoori-safar,Pakistan Ka Jamhoori Safar,<p><strong>Book Title:</strong> Pakistan Ka Jamhoori Safar</p><p><strong>Urdu Title:</strong> پاکستان کا جمہوری سفر</p><p><strong>Author:</strong> Prof. Khurshid Ahmad</p><p>Beautifully printed and bound edition published by Book Corner. Ideal for readers and collectors.</p>,Prof. Khurshid Ahmad,,Books,Pakistan,true,Title,Default Title,KW-PRO-0419,400,shopify,100,deny,manual,700,900,true,false,,https://media.bookcorner.shop/uploads/653a1ac3cd3fb1698306755.jpg,1,Pakistan Ka Jamhoori Safar,false,,,,,g,,,,,active
guftagu-taqreer-aik-funn,Guftagu Taqreer Aik Funn,<p><strong>Book Title:</strong> Guftagu Taqreer Aik Funn</p><p><strong>Urdu Title:</strong> گفتگو تقریر ایک فن</p><p><strong>Author:</strong> Dale Carnegie</p><p>Beautifully printed and bound edition published by Book Corner. Ideal for readers and collectors.</p>,Dale Carnegie,,Books,Translations,true,Title,Default Title,KW-DAL-0420,400,shopify,100,deny,manual,800,1000,true,false,,https://media.bookcorner.shop/uploads/53.jpg,1,Guftagu Taqreer Aik Funn,false,,,,,g,,,,,active
hazrat-umer-farooq-ra,Hazrat Umer Farooq R.A,<p><strong>Book Title:</strong> Hazrat Umer Farooq R.A</p><p><strong>Urdu Title:</strong> حضرت عمر فاروق اعظم</p><p><strong>Author:</strong> Muhammad Hussain Haykel</p><p>Beautifully printed and bound edition published by Book Corner. Ideal for readers and collectors.</p>,Muhammad Hussain Haykel,,Books,Translations,true,Title,Default Title,KW-MUH-0421,400,shopify,100,deny,manual,2000,2500,true,false,,https://media.bookcorner.shop/uploads/5c5194c12a4ff1548850369.jpg,1,Hazrat Umer Farooq R.A,false,,,,,g,,,,,active
hazrat-usman-ghani-ra,Hazrat Usman Ghani R.A,<p><strong>Book Title:</strong> Hazrat Usman Ghani R.A</p><p><strong>Urdu Title:</strong> حضرت عثمان غنی</p><p><strong>Author:</strong> Muhammad Hussain Haykel</p><p>Beautifully printed and bound edition published by Book Corner. Ideal for readers and collectors.</p>,Muhammad Hussain Haykel,,Books,Translations,true,Title,Default Title,KW-MUH-0422,400,shopify,100,deny,manual,1500,1900,true,false,,https://media.bookcorner.shop/uploads/279.jpg,1,Hazrat Usman Ghani R.A,false,,,,,g,,,,,active
kamyab-logon-ki-dilchasp-batain,Kamyab Logon ki Dilchasp Batain,<p><strong>Book Title:</strong> Kamyab Logon ki Dilchasp Batain</p><p><strong>Urdu Title:</strong> کامیاب لوگوں کی دلچسپ باتیں</p><p><strong>Author:</strong> Dale Carnegie</p><p>Beautifully printed and bound edition published by Book Corner. Ideal for readers and collectors.</p>,Dale Carnegie,,Books,Translations,true,Title,Default Title,KW-DAL-0423,400,shopify,100,deny,manual,800,1000,true,false,,https://media.bookcorner.shop/uploads/5f0b2391b7a931594565521.jpg,1,Kamyab Logon ki Dilchasp Batain,false,,,,,g,,,,,active
kulyat-dale-carnegie,Kulyat Dale Carnegie,<p><strong>Book Title:</strong> Kulyat Dale Carnegie</p><p><strong>Urdu Title:</strong> کلیات ڈیل کارنیگی</p><p><strong>Author:</strong> Dale Carnegie</p><p>Beautifully printed and bound edition published by Book Corner. Ideal for readers and collectors.</p>,Dale Carnegie,,Books,Translations,true,Title,Default Title,KW-DAL-0424,400,shopify,100,deny,manual,3000,3750,true,false,,https://media.bookcorner.shop/uploads/119.jpg,1,Kulyat Dale Carnegie,false,,,,,g,,,,,active
maanain-na-maanain,Maanain na Maanain,<p><strong>Book Title:</strong> Maanain na Maanain</p><p><strong>Urdu Title:</strong> مانیں نہ مانیں</p><p><strong>Author:</strong> Dale Carnegie</p><p>Beautifully printed and bound edition published by Book Corner. Ideal for readers and collectors.</p>,Dale Carnegie,,Books,Translations,true,Title,Default Title,KW-DAL-0425,400,shopify,100,deny,manual,800,1000,true,false,,https://media.bookcorner.shop/uploads/5c8f953d66cef1552913725.jpg,1,Maanain na Maanain,false,,,,,g,,,,,active
maharaja-ranjeet-singh,Maharaja Ranjeet Singh,<p><strong>Book Title:</strong> Maharaja Ranjeet Singh</p><p><strong>Urdu Title:</strong> مہاراجہ رنجیت سنگھ</p><p><strong>Author:</strong> Prof. N. K. Sinha</p><p>Beautifully printed and bound edition published by Book Corner. Ideal for readers and collectors.</p>,Prof. N. K. Sinha,,Books,Translations,true,Title,Default Title,KW-PRO-0426,400,shopify,100,deny,manual,1250,1550,true,false,,https://media.bookcorner.shop/uploads/5c4ef4168a0381548678166.jpg,1,Maharaja Ranjeet Singh,false,,,,,g,,,,,active
mei-khush-haal-salesman-kese-bana,Mei Khush haal Salesman Kese Bana,<p><strong>Book Title:</strong> Mei Khush haal Salesman Kese Bana</p><p><strong>Urdu Title:</strong> میں خوشحال سیلز مین کیسے بنا</p><p><strong>Author:</strong> Frank Bettger</p><p>Beautifully printed and bound edition published by Book Corner. Ideal for readers and collectors.</p>,Frank Bettger,,Books,Translations,true,Title,Default Title,KW-FRA-0427,400,shopify,100,deny,manual,600,750,true,false,,https://media.bookcorner.shop/uploads/619f6006cf3491637834758.jpg,1,Mei Khush haal Salesman Kese Bana,false,,,,,g,,,,,active
meri-jadojehad,Meri Jadojehad - Adolf Hilter (Premium Quality),<p><strong>Book Title:</strong> Meri Jadojehad - Adolf Hilter (Premium Quality)</p><p><strong>Urdu Title:</strong> میری جدوجہد - ایڈولف ہٹلر</p><p><strong>Author:</strong> Adolf Hitler</p><p>Beautifully printed and bound edition published by Book Corner. Ideal for readers and collectors.</p>,Adolf Hitler,,Books,Translations,true,Title,Default Title,KW-ADO-0428,400,shopify,100,deny,manual,1500,1900,true,false,,https://media.bookcorner.shop/uploads/5c4ef17f4b9451548677503.jpg,1,Meri Jadojehad - Adolf Hilter (Premium Quality),false,,,,,g,,,,,active
gotam-ko-nirwan-mila-tha,Gotam ko Nirwan Mila Tha,<p><strong>Book Title:</strong> Gotam ko Nirwan Mila Tha</p><p><strong>Urdu Title:</strong> گوتم کو نروان ملا تھا</p><p><strong>Author:</strong> Gul Sher Butt</p><p>Beautifully printed and bound edition published by Book Corner. Ideal for readers and collectors.</p>,Gul Sher Butt,,Books,Travelogue,true,Title,Default Title,KW-GUL-0429,400,shopify,100,deny,manual,800,1000,true,false,,https://media.bookcorner.shop/uploads/5c52de962799d1548934806.jpg,1,Gotam ko Nirwan Mila Tha,false,,,,,g,,,,,active
safarnama-ibn-e-jubayr,Safarnama Ibn e Jubayr,<p><strong>Book Title:</strong> Safarnama Ibn e Jubayr</p><p><strong>Urdu Title:</strong> سفرنامہ ابن جبیر</p><p><strong>Author:</strong> Ibn e Jubayr</p><p>Beautifully printed and bound edition published by Book Corner. Ideal for readers and collectors.</p>,Ibn e Jubayr,,Books,Travelogue,true,Title,Default Title,KW-IBN-0430,400,shopify,100,deny,manual,1500,1900,true,false,,https://media.bookcorner.shop/uploads/5c51a5775ea641548854647.jpg,1,Safarnama Ibn e Jubayr,false,,,,,g,,,,,active
safarnama-nasir-khusrow,Safarnama Nasir Khusrow,<p><strong>Book Title:</strong> Safarnama Nasir Khusrow</p><p><strong>Urdu Title:</strong> سفرنامہ ناصر خسرو</p><p><strong>Author:</strong> Nasir Khusrow</p><p>Beautifully printed and bound edition published by Book Corner. Ideal for readers and collectors.</p>,Nasir Khusrow,,Books,Travelogue,true,Title,Default Title,KW-NAS-0431,400,shopify,100,deny,manual,1800,2250,true,false,,https://media.bookcorner.shop/uploads/5c51a58dea6621548854669.jpg,1,Safarnama Nasir Khusrow,false,,,,,g,,,,,active
safarnama-yousuf-khan-kambal-posh,Safarnama Yousuf Khan Kambal Posh,<p><strong>Book Title:</strong> Safarnama Yousuf Khan Kambal Posh</p><p><strong>Urdu Title:</strong> سفرنامہ یوسف خان کمبل پوش</p><p><strong>Author:</strong> Yousuf Khan Kambal Posh</p><p>Beautifully printed and bound edition published by Book Corner. Ideal for readers and collectors.</p>,Yousuf Khan Kambal Posh,,Books,Travelogue,true,Title,Default Title,KW-YOU-0432,400,shopify,100,deny,manual,1500,1900,true,false,,https://media.bookcorner.shop/uploads/5c51a5a05f4311548854688.jpg,1,Safarnama Yousuf Khan Kambal Posh,false,,,,,g,,,,,active
tashqand-say-istanbul,Tashqand Say Istanbul,<p><strong>Book Title:</strong> Tashqand Say Istanbul</p><p><strong>Urdu Title:</strong> تاشقند سے استنبول</p><p><strong>Author:</strong> Altaf Ahmad Aamir</p><p>Beautifully printed and bound edition published by Book Corner. Ideal for readers and collectors.</p>,Altaf Ahmad Aamir,,Books,Travelogue,true,Title,Default Title,KW-ALT-0433,400,shopify,100,deny,manual,700,900,true,false,,https://media.bookcorner.shop/uploads/5c4ec91ca52d01548667164.jpg,1,Tashqand Say Istanbul,false,,,,,g,,,,,active
diyar-e-shams,Diyar e Shams (Turkey Nama),<p><strong>Book Title:</strong> Diyar e Shams (Turkey Nama)</p><p><strong>Urdu Title:</strong> دیار شمس (ترکی نامہ)</p><p><strong>Author:</strong> Dr. Zahid Munir Amir</p><p>Beautifully printed and bound edition published by Book Corner. Ideal for readers and collectors.</p>,Dr. Zahid Munir Amir,,Books,Travelogue,true,Title,Default Title,KW-DR.-0434,400,shopify,100,deny,manual,700,900,true,false,,https://media.bookcorner.shop/uploads/5d7660e7dfb341568039143.jpg,1,Diyar e Shams (Turkey Nama),false,,,,,g,,,,,active
mera-pakistani-safarnama,Mera Pakistani Safarnama,<p><strong>Book Title:</strong> Mera Pakistani Safarnama</p><p><strong>Urdu Title:</strong> میرا پاکستانی سفرنامہ</p><p><strong>Author:</strong> Balraj Sahni</p><p>Beautifully printed and bound edition published by Book Corner. Ideal for readers and collectors.</p>,Balraj Sahni,,Books,Travelogue,true,Title,Default Title,KW-BAL-0435,400,shopify,100,deny,manual,800,1000,true,false,,https://media.bookcorner.shop/uploads/5f8952695ea241602835049.jpg,1,Mera Pakistani Safarnama,false,,,,,g,,,,,active
zard-patton-ki-bahar,Zard Patton Ki Bahar,<p><strong>Book Title:</strong> Zard Patton Ki Bahar</p><p><strong>Urdu Title:</strong> زرد پتوں کی بہار</p><p><strong>Author:</strong> Ram Lal</p><p>Beautifully printed and bound edition published by Book Corner. Ideal for readers and collectors.</p>,Ram Lal,,Books,Travelogue,true,Title,Default Title,KW-RAM-0436,400,shopify,100,deny,manual,500,600,true,false,,https://media.bookcorner.shop/uploads/608b949c0ccba1619760284.jpg,1,Zard Patton Ki Bahar,false,,,,,g,,,,,active
uncle-sam,Uncle Sam Kay Des Se,<p><strong>Book Title:</strong> Uncle Sam Kay Des Se</p><p><strong>Urdu Title:</strong> انکل سام کے دیس سے</p><p><strong>Author:</strong> Salman Khalid</p><p>Beautifully printed and bound edition published by Book Corner. Ideal for readers and collectors.</p>,Salman Khalid,,Books,Travelogue,true,Title,Default Title,KW-SAL-0437,400,shopify,100,deny,manual,1195,1500,true,false,,https://media.bookcorner.shop/uploads/62d96404eb3231658414084.jpg,1,Uncle Sam Kay Des Se,false,,,,,g,,,,,active
aankh-cheen,Hairat bhari aankh mein cheen,<p><strong>Book Title:</strong> Hairat bhari aankh mein cheen</p><p><strong>Urdu Title:</strong> حیرت بھری آنکھ میں چین</p><p><strong>Author:</strong> Salma Awan</p><p>Beautifully printed and bound edition published by Book Corner. Ideal for readers and collectors.</p>,Salma Awan,,Books,Travelogue,true,Title,Default Title,KW-SAL-0438,400,shopify,100,deny,manual,1250,1550,true,false,,https://media.bookcorner.shop/uploads/63b9264516f481673078341.jpg,1,Hairat bhari aankh mein cheen,false,,,,,g,,,,,active
salma-awan,"Hairat bhari aankh mein cheen, Jo Dekha Jo Suna Jo Beeta (2 Books Set)","<p><strong>Book Title:</strong> Hairat bhari aankh mein cheen, Jo Dekha Jo Suna Jo Beeta (2 Books Set)</p><p><strong>Urdu Title:</strong> حیرت بھری آنکھ میں چین ، جو دیکھا جو سنا جو بیتا (دو کتب سیٹ)</p><p><strong>Author:</strong> Salma Awan</p><p>Beautifully printed and bound edition published by Book Corner. Ideal for readers and collectors.</p>",Salma Awan,,Books,Travelogue,true,Title,Default Title,KW-SAL-0439,400,shopify,100,deny,manual,2050,2550,true,false,,https://media.bookcorner.shop/uploads/642fc74c768e31680852812.jpg,1,"Hairat bhari aankh mein cheen, Jo Dekha Jo Suna Jo Beeta (2 Books Set)",false,,,,,g,,,,,active
man-turkey,Zabaan-e-Yaar-e-Man Turkey (Pictorial Edition),<p><strong>Book Title:</strong> Zabaan-e-Yaar-e-Man Turkey (Pictorial Edition)</p><p><strong>Urdu Title:</strong> زبان یار من ترکی (مصور ایڈیشن)</p><p><strong>Author:</strong> Dr. Tasawar Aslam Bhutta</p><p>Beautifully printed and bound edition published by Book Corner. Ideal for readers and collectors.</p>,Dr. Tasawar Aslam Bhutta,,Books,Travelogue,true,Title,Default Title,KW-DR.-0440,400,shopify,100,deny,manual,5000,6250,true,false,,https://media.bookcorner.shop/uploads/65a8f3c2326251705571266.jpg,1,Zabaan-e-Yaar-e-Man Turkey (Pictorial Edition),false,,,,,g,,,,,active
TDM,"Toronto, Dubai aur Manchester","<p><strong>Book Title:</strong> Toronto, Dubai aur Manchester</p><p><strong>Urdu Title:</strong> ٹورنٹو، دبئی اور مانچسٹر</p><p><strong>Author:</strong> Shahid Siddiqui</p><p>Beautifully printed and bound edition published by Book Corner. Ideal for readers and collectors.</p>",Shahid Siddiqui,,Books,Travelogue,true,Title,Default Title,KW-SHA-0441,400,shopify,100,deny,manual,1200,1500,true,false,,https://media.bookcorner.shop/uploads/65c887e89a1df1707640808.jpg,1,"Toronto, Dubai aur Manchester",false,,,,,g,,,,,active
roos,Roos Aik Jaadui Sar-Zameen,<p><strong>Book Title:</strong> Roos Aik Jaadui Sar-Zameen</p><p><strong>Urdu Title:</strong> روس ایک جادوئی سرزمین</p><p><strong>Author:</strong> Salma Awan</p><p>Beautifully printed and bound edition published by Book Corner. Ideal for readers and collectors.</p>,Salma Awan,,Books,Travelogue,true,Title,Default Title,KW-SAL-0442,400,shopify,100,deny,manual,1500,1900,true,false,,https://media.bookcorner.shop/uploads/66953adfa81f61721055967.jpg,1,Roos Aik Jaadui Sar-Zameen,false,,,,,g,,,,,active
hawai-rozi,Hawai Rozi,<p><strong>Book Title:</strong> Hawai Rozi</p><p><strong>Urdu Title:</strong> ہوائی روزی</p><p><strong>Author:</strong> Khawar Jamal</p><p>Beautifully printed and bound edition published by Book Corner. Ideal for readers and collectors.</p>,Khawar Jamal,,Books,Travelogue,true,Title,Default Title,KW-KHA-0443,400,shopify,100,deny,manual,1500,1900,true,false,,https://media.bookcorner.shop/uploads/66a35b052deda1721981701.jpg,1,Hawai Rozi,false,,,,,g,,,,,active
Battuta,Safarnama Ibn e Battuta,<p><strong>Book Title:</strong> Safarnama Ibn e Battuta</p><p><strong>Urdu Title:</strong> سفرنامہ ابن بطوطہ</p><p><strong>Author:</strong> Ibn e Battuta</p><p>Beautifully printed and bound edition published by Book Corner. Ideal for readers and collectors.</p>,Ibn e Battuta,,Books,Travelogue,true,Title,Default Title,KW-IBN-0444,400,shopify,100,deny,manual,3600,4500,true,false,,https://media.bookcorner.shop/uploads/66e80898eb4ef1726482584.jpg,1,Safarnama Ibn e Battuta,false,,,,,g,,,,,active
italy,Italy hai dekhne ki cheez,<p><strong>Book Title:</strong> Italy hai dekhne ki cheez</p><p><strong>Urdu Title:</strong> اٹلی ہے دیکھنے کی چیز</p><p><strong>Author:</strong> Salma Awan</p><p>Beautifully printed and bound edition published by Book Corner. Ideal for readers and collectors.</p>,Salma Awan,,Books,Travelogue,true,Title,Default Title,KW-SAL-0445,400,shopify,100,deny,manual,1200,1500,true,false,,https://media.bookcorner.shop/uploads/67ac4c352eb061739344949.jpg,1,Italy hai dekhne ki cheez,false,,,,,g,,,,,active
safarnama-hajj,Safarnama-e-Hajj,<p><strong>Book Title:</strong> Safarnama-e-Hajj</p><p><strong>Urdu Title:</strong> سفرنامۂ حج</p><p><strong>Author:</strong> Nawab Sikandar Begum</p><p>Beautifully printed and bound edition published by Book Corner. Ideal for readers and collectors.</p>,Nawab Sikandar Begum,,Books,Travelogue,true,Title,Default Title,KW-NAW-0446,400,shopify,100,deny,manual,1500,1900,true,false,,https://media.bookcorner.shop/uploads/687fb21d9541d1753199133.jpg,1,Safarnama-e-Hajj,false,,,,,g,,,,,active
coming-back,Coming Back: The odyssey of a Pakistani through India (2nd Edition),<p><strong>Book Title:</strong> Coming Back: The odyssey of a Pakistani through India (2nd Edition)</p><p><strong>Author:</strong> Shueyb Gandapur</p><p>Beautifully printed and bound edition published by Book Corner. Ideal for readers and collectors.</p>,Shueyb Gandapur,,Books,Travelogue,true,Title,Default Title,KW-SHU-0447,400,shopify,100,deny,manual,1995,2500,true,false,,https://media.bookcorner.shop/uploads/699d8d6b29ab81771933035.jpg,1,Coming Back: The odyssey of a Pakistani through India (2nd Edition),false,,,,,g,,,,,active
pathron-ka-encyclopedia-pathron-say-elaj,Pathron Ka Encyclopedia - Pathron Say Elaj | Bundle,<p><strong>Book Title:</strong> Pathron Ka Encyclopedia - Pathron Say Elaj | Bundle</p><p><strong>Urdu Title:</strong> پتھروں کا انسائیکلوپیڈیا - پتھروں سے علاج: بنڈل</p><p><strong>Author:</strong> Anjum Sultan Shahbaz</p><p>Beautifully printed and bound edition published by Book Corner. Ideal for readers and collectors.</p>,Anjum Sultan Shahbaz,,Books,General Knowledge,true,Title,Default Title,KW-ANJ-0448,400,shopify,100,deny,manual,1400,1750,true,false,,https://media.bookcorner.shop/uploads/5e18ba0621f921578678790.jpg,1,Pathron Ka Encyclopedia - Pathron Say Elaj | Bundle,false,,,,,g,,,,,active
aalmi-maloomat-ka-encyclopedia,Aalmi Maloomat ka Encyclopedia,<p><strong>Book Title:</strong> Aalmi Maloomat ka Encyclopedia</p><p><strong>Urdu Title:</strong> عالمی معلومات کا انسائیکلوپیڈیا</p><p><strong>Author:</strong> Faisal Butt</p><p>Beautifully printed and bound edition published by Book Corner. Ideal for readers and collectors.</p>,Faisal Butt,,Books,General Knowledge,true,Title,Default Title,KW-FAI-0449,400,shopify,100,deny,manual,600,750,true,false,,,1,Aalmi Maloomat ka Encyclopedia,false,,,,,g,,,,,active
dunya-kay-70-ajoobay-4-color,Dunya kay 70 Ajoobay (4 Color),<p><strong>Book Title:</strong> Dunya kay 70 Ajoobay (4 Color)</p><p><strong>Urdu Title:</strong> دنیا کے 70عجوبے</p><p><strong>Author:</strong> Shahida Latif</p><p>Beautifully printed and bound edition published by Book Corner. Ideal for readers and collectors.</p>,Shahida Latif,,Books,General Knowledge,true,Title,Default Title,KW-SHA-0450,400,shopify,100,deny,manual,1000,1250,true,false,,https://media.bookcorner.shop/uploads/601bdde93fc231612439017.jpg,1,Dunya kay 70 Ajoobay (4 Color),false,,,,,g,,,,,active
100-azeem-muhimmat,100 Azeem Muhimmat,<p><strong>Book Title:</strong> 100 Azeem Muhimmat</p><p><strong>Urdu Title:</strong> 100عظیم مہمات</p><p><strong>Author:</strong> Qaisar Chohan</p><p>Beautifully printed and bound edition published by Book Corner. Ideal for readers and collectors.</p>,Qaisar Chohan,,Books,General Knowledge,true,Title,Default Title,KW-QAI-0451,400,shopify,100,deny,manual,500,600,true,false,,,1,100 Azeem Muhimmat,false,,,,,g,,,,,active
guinness-world-records-2020,Guinness World Records 2020,<p><strong>Book Title:</strong> Guinness World Records 2020</p><p><strong>Author:</strong> Guinness World Records</p><p>Beautifully printed and bound edition published by Book Corner. Ideal for readers and collectors.</p>,Guinness World Records,,Books,General Knowledge,true,Title,Default Title,KW-GUI-0452,400,shopify,100,deny,manual,2695,3350,true,false,,https://media.bookcorner.shop/uploads/5d7c8e74445f01568444020.jpg,1,Guinness World Records 2020,false,,,,,g,,,,,active
dunia-kay-mulkon-ka-taruf,Dunia Kay Mulkon Ka Taruf,<p><strong>Book Title:</strong> Dunia Kay Mulkon Ka Taruf</p><p><strong>Urdu Title:</strong> دنیا کے ملکوں کا تعارف</p><p><strong>Author:</strong> Arif Nonaarvi</p><p>Beautifully printed and bound edition published by Book Corner. Ideal for readers and collectors.</p>,Arif Nonaarvi,,Books,General Knowledge,true,Title,Default Title,KW-ARI-0453,400,shopify,100,deny,manual,200,250,true,false,,https://media.bookcorner.shop/uploads/5e1b155821b191578833240.jpg,1,Dunia Kay Mulkon Ka Taruf,false,,,,,g,,,,,active
musalmanon-ka-ilm-jughrafiya-aur-shoq-e-siyahat,Musalmanon Ka ilm Jughrafiya aur Shoq e Siyahat,<p><strong>Book Title:</strong> Musalmanon Ka ilm Jughrafiya aur Shoq e Siyahat</p><p><strong>Urdu Title:</strong> مسلمانوں کا علم جغرافیہ اور شوق سیاحت</p><p><strong>Author:</strong> SUFI GHULAM MUSTAFA TABASSAM</p><p>Beautifully printed and bound edition published by Book Corner. Ideal for readers and collectors.</p>,SUFI GHULAM MUSTAFA TABASSAM,,Books,General Knowledge,true,Title,Default Title,KW-SUF-0454,400,shopify,100,deny,manual,400,500,true,false,,https://media.bookcorner.shop/uploads/5e1b1ba523e231578834853.jpg,1,Musalmanon Ka ilm Jughrafiya aur Shoq e Siyahat,false,,,,,g,,,,,active
paksitani-khel,Pakistani Khel,<p><strong>Book Title:</strong> Pakistani Khel</p><p><strong>Urdu Title:</strong> پاکستانی کھیل</p><p><strong>Author:</strong> Khalid Mehmood Asim</p><p>Beautifully printed and bound edition published by Book Corner. Ideal for readers and collectors.</p>,Khalid Mehmood Asim,,Books,"General Knowledge, Sports",true,Title,Default Title,KW-KHA-0455,400,shopify,100,deny,manual,400,500,true,false,,https://media.bookcorner.shop/uploads/5e1b1bd9542a01578834905.jpg,1,Pakistani Khel,false,,,,,g,,,,,active
ijazadat-ki-tarikh,Ijazadat ki Tarikh,<p><strong>Book Title:</strong> Ijazadat ki Tarikh</p><p><strong>Urdu Title:</strong> ایجادات کی تاریخ</p><p><strong>Author:</strong> Yasir Jawad</p><p>Beautifully printed and bound edition published by Book Corner. Ideal for readers and collectors.</p>,Yasir Jawad,,Books,General Knowledge,true,Title,Default Title,KW-YAS-0456,400,shopify,100,deny,manual,650,800,true,false,,https://media.bookcorner.shop/uploads/5e1b1cf3cdcb61578835187.jpg,1,Ijazadat ki Tarikh,false,,,,,g,,,,,active
lafzon-ki-talash,Lafzon Ki Talash,<p><strong>Book Title:</strong> Lafzon Ki Talash</p><p><strong>Urdu Title:</strong> لفظوں کی تلاش</p><p><strong>Author:</strong> Unknown Author</p><p>Beautifully printed and bound edition published by Book Corner. Ideal for readers and collectors.</p>,Unknown Author,,Books,General Knowledge,true,Title,Default Title,KW-UNK-0457,400,shopify,100,deny,manual,600,750,true,false,,https://media.bookcorner.shop/uploads/5e2ff63726a6e1580201527.jpg,1,Lafzon Ki Talash,false,,,,,g,,,,,active
general-knowledge-urdu-books-set,General Knowledge Urdu Books Set,<p><strong>Book Title:</strong> General Knowledge Urdu Books Set</p><p><strong>Urdu Title:</strong> معلومات عامہ پر چار کتب</p><p><strong>Author:</strong> Zahid Hussain Anjum</p><p>Beautifully printed and bound edition published by Book Corner. Ideal for readers and collectors.</p>,Zahid Hussain Anjum,,Books,"General Knowledge, CSS / PMS",true,Title,Default Title,KW-ZAH-0458,400,shopify,100,deny,manual,3000,3750,true,false,,https://media.bookcorner.shop/uploads/5e6f34e0c2d9a1584346336.jpg,1,General Knowledge Urdu Books Set,false,,,,,g,,,,,active
encyclopedia-general-knowledge-aalmi-maloomat,Encyclopedia General Knowledge Aalmi Maloomat,<p><strong>Book Title:</strong> Encyclopedia General Knowledge Aalmi Maloomat</p><p><strong>Urdu Title:</strong> انسائیکلوپیڈیا جنرل نالج عالمی معلومات</p><p><strong>Author:</strong> Zahid Hussain Anjum</p><p>Beautifully printed and bound edition published by Book Corner. Ideal for readers and collectors.</p>,Zahid Hussain Anjum,,Books,General Knowledge,true,Title,Default Title,KW-ZAH-0459,400,shopify,100,deny,manual,775,950,true,false,,https://media.bookcorner.shop/uploads/685689d49c42a1750501844.jpg,1,Encyclopedia General Knowledge Aalmi Maloomat,false,,,,,g,,,,,active
hayat-ul-haywan-2-vol-urdu,Hayat ul Haywan (2 Vol) Urdu,<p><strong>Book Title:</strong> Hayat ul Haywan (2 Vol) Urdu</p><p><strong>Urdu Title:</strong> حیات الحیوان - اردو - 2 جلدیں</p><p><strong>Author:</strong> Allama Muhammad Kamaluddin Dameeri</p><p>Beautifully printed and bound edition published by Book Corner. Ideal for readers and collectors.</p>,Allama Muhammad Kamaluddin Dameeri,,Books,General Knowledge,true,Title,Default Title,KW-ALL-0460,400,shopify,100,deny,manual,4000,5000,true,false,,https://media.bookcorner.shop/uploads/60ed474a8c79b1626163018.jpg,1,Hayat ul Haywan (2 Vol) Urdu,false,,,,,g,,,,,active
ajayb-ul-makhlooqat,Ajayb ul Makhlooqat,<p><strong>Book Title:</strong> Ajayb ul Makhlooqat</p><p><strong>Urdu Title:</strong> عجائب المخلوقات</p><p><strong>Author:</strong> Amaduddin Zakariya Qazwini</p><p>Beautifully printed and bound edition published by Book Corner. Ideal for readers and collectors.</p>,Amaduddin Zakariya Qazwini,,Books,General Knowledge,true,Title,Default Title,KW-AMA-0461,400,shopify,100,deny,manual,1400,1750,true,false,,https://media.bookcorner.shop/uploads/5eba4eecd712f1589268204.jpg,1,Ajayb ul Makhlooqat,false,,,,,g,,,,,active
issb-tests-guide,ISSB Tests Guide,<p><strong>Book Title:</strong> ISSB Tests Guide</p><p><strong>Urdu Title:</strong> آئی ایس ایس بی ٹیسٹ گائیڈ</p><p><strong>Author:</strong> Col (R) Tasneem Bari</p><p>Beautifully printed and bound edition published by Book Corner. Ideal for readers and collectors.</p>,Col (R) Tasneem Bari,,Books,General Knowledge,true,Title,Default Title,KW-COL-0462,400,shopify,100,deny,manual,1800,2250,true,false,,https://media.bookcorner.shop/uploads/5ebb7bb0a99491589345200.jpg,1,ISSB Tests Guide,false,,,,,g,,,,,active
kaun-kya-hai,Kaun Kya Hai?,<p><strong>Book Title:</strong> Kaun Kya Hai?</p><p><strong>Urdu Title:</strong> کون کیا ہے؟</p><p><strong>Author:</strong> Shahid Mahmood Dogar</p><p>Beautifully printed and bound edition published by Book Corner. Ideal for readers and collectors.</p>,Shahid Mahmood Dogar,,Books,General Knowledge,true,Title,Default Title,KW-SHA-0463,400,shopify,100,deny,manual,600,750,true,false,,https://media.bookcorner.shop/uploads/5ebb7c0a3f5521589345290.jpg,1,Kaun Kya Hai?,false,,,,,g,,,,,active
who-is-who-what-is-what,Who is Who & What is What,<p><strong>Book Title:</strong> Who is Who & What is What</p><p><strong>Author:</strong> Shahid Mahmood Dogar</p><p>Beautifully printed and bound edition published by Book Corner. Ideal for readers and collectors.</p>,Shahid Mahmood Dogar,,Books,General Knowledge,true,Title,Default Title,KW-SHA-0464,400,shopify,100,deny,manual,1599,2000,true,false,,https://media.bookcorner.shop/uploads/5ebb7c4b48c761589345355.jpg,1,Who is Who & What is What,false,,,,,g,,,,,active
beesvin-sadi-saal-ba-saal,Beesvin Sadi Saal Ba Saal,<p><strong>Book Title:</strong> Beesvin Sadi Saal Ba Saal</p><p><strong>Urdu Title:</strong> بیسوی صدی سال بہ سال</p><p><strong>Author:</strong> Aqeel Abbas Jafri</p><p>Beautifully printed and bound edition published by Book Corner. Ideal for readers and collectors.</p>,Aqeel Abbas Jafri,,Books,General Knowledge,true,Title,Default Title,KW-AQE-0465,400,shopify,100,deny,manual,2500,3100,true,false,,https://media.bookcorner.shop/uploads/5ee72cbe24a0e1592208574.jpg,1,Beesvin Sadi Saal Ba Saal,false,,,,,g,,,,,active
duniyaon-ki-daryaft-nizam-e-kainat,Duniyaon Ki Daryaft - Nizam e Kainat,<p><strong>Book Title:</strong> Duniyaon Ki Daryaft - Nizam e Kainat</p><p><strong>Urdu Title:</strong> دنیاؤں کی دریافت - نظام کائنات</p><p><strong>Author:</strong> Kalaam Communications</p><p>Beautifully printed and bound edition published by Book Corner. Ideal for readers and collectors.</p>,Kalaam Communications,,Books,General Knowledge,true,Title,Default Title,KW-KAL-0466,400,shopify,100,deny,manual,2495,3100,true,false,,https://media.bookcorner.shop/uploads/5f0800c768ffb1594360007.jpg,1,Duniyaon Ki Daryaft - Nizam e Kainat,false,,,,,g,,,,,active
encyclopedia-of-professional-cooking,Encyclopedia Of Professional Cooking,<p><strong>Book Title:</strong> Encyclopedia Of Professional Cooking</p><p><strong>Urdu Title:</strong> انسائیکلو پیڈیا آف پروفیشنل ککنگ</p><p><strong>Author:</strong> Sajid Hussain Qureshi</p><p>Beautifully printed and bound edition published by Book Corner. Ideal for readers and collectors.</p>,Sajid Hussain Qureshi,,Books,Cooking,true,Title,Default Title,KW-SAJ-0467,400,shopify,100,deny,manual,3000,3750,true,false,,https://media.bookcorner.shop/uploads/5e1ab2ce7dfcc1578808014.jpg,1,Encyclopedia Of Professional Cooking,false,,,,,g,,,,,active
punjabi-khano-ka-encyclopedia,Punjabi Khano Ka Encyclopedia,<p><strong>Book Title:</strong> Punjabi Khano Ka Encyclopedia</p><p><strong>Urdu Title:</strong> پنجابی کھانوں کا انسائیکلو پیڈیا</p><p><strong>Author:</strong> Syeda Shahana</p><p>Beautifully printed and bound edition published by Book Corner. Ideal for readers and collectors.</p>,Syeda Shahana,,Books,Cooking,true,Title,Default Title,KW-SYE-0468,400,shopify,100,deny,manual,250,300,true,false,,https://media.bookcorner.shop/uploads/5e1ab2dacaafa1578808026.jpg,1,Punjabi Khano Ka Encyclopedia,false,,,,,g,,,,,active
kokab-khawaja-kay-muntakhib-khanay,Kokab Khawaja Kay Muntakhib Khanay,<p><strong>Book Title:</strong> Kokab Khawaja Kay Muntakhib Khanay</p><p><strong>Urdu Title:</strong> کوکب خواجہ کے منتخب کھانے</p><p><strong>Author:</strong> Kokab Khawaja</p><p>Beautifully printed and bound edition published by Book Corner. Ideal for readers and collectors.</p>,Kokab Khawaja,,Books,Cooking,true,Title,Default Title,KW-KOK-0469,400,shopify,100,deny,manual,599,750,true,false,,https://media.bookcorner.shop/uploads/5f50e473210af1599136883.jpg,1,Kokab Khawaja Kay Muntakhib Khanay,false,,,,,g,,,,,active
zaiqoon-ki-sargam,ZAIQOON KI SARGAM,<p><strong>Book Title:</strong> ZAIQOON KI SARGAM</p><p><strong>Urdu Title:</strong> ذائقوں کی سرگم</p><p><strong>Author:</strong> ZEENAT AZRA KHAN</p><p>Beautifully printed and bound edition published by Book Corner. Ideal for readers and collectors.</p>,ZEENAT AZRA KHAN,,Books,Cooking,true,Title,Default Title,KW-ZEE-0470,400,shopify,100,deny,manual,1095,1350,true,false,,https://media.bookcorner.shop/uploads/69d236b8ac6411775384248.jpg,1,ZAIQOON KI SARGAM,false,,,,,g,,,,,active
101-fantastic-pasta,101 FANTASTIC PASTA,<p><strong>Book Title:</strong> 101 FANTASTIC PASTA</p><p><strong>Author:</strong> Unknown Author</p><p>Beautifully printed and bound edition published by Book Corner. Ideal for readers and collectors.</p>,Unknown Author,,Books,Cooking,true,Title,Default Title,KW-UNK-0471,400,shopify,100,deny,manual,790,1000,true,false,,https://media.bookcorner.shop/uploads/69526d38d97b91767009592.jpg,1,101 FANTASTIC PASTA,false,,,,,g,,,,,active
kokab-cook-book-g,Kokab Cook Book,<p><strong>Book Title:</strong> Kokab Cook Book</p><p><strong>Urdu Title:</strong> کوکب کک بک</p><p><strong>Author:</strong> Kokab Khawaja</p><p>Beautifully printed and bound edition published by Book Corner. Ideal for readers and collectors.</p>,Kokab Khawaja,,Books,Cooking,true,Title,Default Title,KW-KOK-0472,400,shopify,100,deny,manual,600,750,true,false,,https://media.bookcorner.shop/uploads/645f8d01979091683983617.jpg,1,Kokab Cook Book,false,,,,,g,,,,,active
kokab-cook-book-bachon-kay-liye,Kokab Cook Book Bachon Kay Liye,<p><strong>Book Title:</strong> Kokab Cook Book Bachon Kay Liye</p><p><strong>Urdu Title:</strong> کوکب کک بک بچوں کے لیے</p><p><strong>Author:</strong> Kokab Khawaja</p><p>Beautifully printed and bound edition published by Book Corner. Ideal for readers and collectors.</p>,Kokab Khawaja,,Books,Cooking,true,Title,Default Title,KW-KOK-0473,400,shopify,100,deny,manual,600,750,true,false,,https://media.bookcorner.shop/uploads/645f31b00b8831683960240.jpg,1,Kokab Cook Book Bachon Kay Liye,false,,,,,g,,,,,active
my-sugar-free-baby-and-me,My Sugar Free Baby and Me,<p><strong>Book Title:</strong> My Sugar Free Baby and Me</p><p><strong>Author:</strong> Sarah Schenker</p><p>Beautifully printed and bound edition published by Book Corner. Ideal for readers and collectors.</p>,Sarah Schenker,,Books,Cooking,true,Title,Default Title,KW-SAR-0474,400,shopify,100,deny,manual,1795,2250,true,false,,https://media.bookcorner.shop/uploads/5f5f2d891a6771600073097.jpg,1,My Sugar Free Baby and Me,false,,,,,g,,,,,active
sabzian-aur-dalain,Sabzian Aur Dalain,<p><strong>Book Title:</strong> Sabzian Aur Dalain</p><p><strong>Urdu Title:</strong> سبزیاں اور دالیں</p><p><strong>Author:</strong> Chef Zakir</p><p>Beautifully printed and bound edition published by Book Corner. Ideal for readers and collectors.</p>,Chef Zakir,,Books,Cooking,true,Title,Default Title,KW-CHE-0475,400,shopify,100,deny,manual,165,200,true,false,,https://media.bookcorner.shop/uploads/5f50ea466e1a11599138374.jpg,1,Sabzian Aur Dalain,false,,,,,g,,,,,active
methay-aur-ice-cream,methay Aur Ice Cream,<p><strong>Book Title:</strong> methay Aur Ice Cream</p><p><strong>Urdu Title:</strong> میٹھے اور آئس کریم</p><p><strong>Author:</strong> Chef Zakir</p><p>Beautifully printed and bound edition published by Book Corner. Ideal for readers and collectors.</p>,Chef Zakir,,Books,Cooking,true,Title,Default Title,KW-CHE-0476,400,shopify,100,deny,manual,165,200,true,false,,https://media.bookcorner.shop/uploads/5f50e9de70be51599138270.jpg,1,methay Aur Ice Cream,false,,,,,g,,,,,active
chat-patay-dahi-bhalay-aur-fruit-chat,Chat Patay Dahi Bhalay Aur Fruit Chat,<p><strong>Book Title:</strong> Chat Patay Dahi Bhalay Aur Fruit Chat</p><p><strong>Urdu Title:</strong> چٹ پٹے دہی بھلے اور فروٹ چاٹ</p><p><strong>Author:</strong> Chef Zakir</p><p>Beautifully printed and bound edition published by Book Corner. Ideal for readers and collectors.</p>,Chef Zakir,,Books,Cooking,true,Title,Default Title,KW-CHE-0477,400,shopify,100,deny,manual,165,200,true,false,,https://media.bookcorner.shop/uploads/5f50e94b67b661599138123.jpg,1,Chat Patay Dahi Bhalay Aur Fruit Chat,false,,,,,g,,,,,active
prathay-achar-aur-chatnian,Prathay Achar Aur Chatnian,<p><strong>Book Title:</strong> Prathay Achar Aur Chatnian</p><p><strong>Urdu Title:</strong> پراٹھے اچار اور چٹنیاں</p><p><strong>Author:</strong> Chef Zakir</p><p>Beautifully printed and bound edition published by Book Corner. Ideal for readers and collectors.</p>,Chef Zakir,,Books,Cooking,true,Title,Default Title,KW-CHE-0478,400,shopify,100,deny,manual,165,200,true,false,,https://media.bookcorner.shop/uploads/5f50e6eccf6821599137516.jpg,1,Prathay Achar Aur Chatnian,false,,,,,g,,,,,active
chinese-cook-book,Chinese Cook Book,<p><strong>Book Title:</strong> Chinese Cook Book</p><p><strong>Urdu Title:</strong> چائنیز کک بک</p><p><strong>Author:</strong> Kokab Khawaja</p><p>Beautifully printed and bound edition published by Book Corner. Ideal for readers and collectors.</p>,Kokab Khawaja,,Books,Cooking,true,Title,Default Title,KW-KOK-0479,400,shopify,100,deny,manual,399,500,true,false,,https://media.bookcorner.shop/uploads/5f50e660033c21599137376.jpg,1,Chinese Cook Book,false,,,,,g,,,,,active
the-delice-of-cooking-t,THE DELICE OF COOKING (T),<p><strong>Book Title:</strong> THE DELICE OF COOKING (T)</p><p><strong>Author:</strong> MARIA KHAN</p><p>Beautifully printed and bound edition published by Book Corner. Ideal for readers and collectors.</p>,MARIA KHAN,,Books,Cooking,true,Title,Default Title,KW-MAR-0480,400,shopify,100,deny,manual,2400,3000,true,false,,https://media.bookcorner.shop/uploads/9693527283.jpg,1,THE DELICE OF COOKING (T),false,,,,,g,,,,,active
kokab-cook-book,Kokab Cook Book (Backing),<p><strong>Book Title:</strong> Kokab Cook Book (Backing)</p><p><strong>Urdu Title:</strong> کوکب کک بک (بیکنگ)</p><p><strong>Author:</strong> Kokab Khawaja</p><p>Beautifully printed and bound edition published by Book Corner. Ideal for readers and collectors.</p>,Kokab Khawaja,,Books,Cooking,true,Title,Default Title,KW-KOK-0481,400,shopify,100,deny,manual,600,750,true,false,,https://media.bookcorner.shop/uploads/645f30841d2101683959940.jpg,1,Kokab Cook Book (Backing),false,,,,,g,,,,,active
hansta-basta-ghar-1,Hansta Basta Ghar,<p><strong>Book Title:</strong> Hansta Basta Ghar</p><p><strong>Author:</strong> Zubeida Tariq</p><p>Beautifully printed and bound edition published by Book Corner. Ideal for readers and collectors.</p>,Zubeida Tariq,,Books,Cooking,true,Title,Default Title,KW-ZUB-0482,400,shopify,100,deny,manual,600,750,true,false,,https://media.bookcorner.shop/uploads/5f0ae6e77a6a71594549991.jpg,1,Hansta Basta Ghar,false,,,,,g,,,,,active
hansta-basta-ghar,Hansta Basta Ghar,<p><strong>Book Title:</strong> Hansta Basta Ghar</p><p><strong>Urdu Title:</strong> ہنستا بستا گھر</p><p><strong>Author:</strong> Zubeida Tariq</p><p>Beautifully printed and bound edition published by Book Corner. Ideal for readers and collectors.</p>,Zubeida Tariq,,Books,Cooking,true,Title,Default Title,KW-ZUB-0483,400,shopify,100,deny,manual,600,750,true,false,,https://media.bookcorner.shop/uploads/5f0ae6abdd9311594549931.jpg,1,Hansta Basta Ghar,false,,,,,g,,,,,active
zubeida-tariq-kay-kitchen-say,Zubeida Tariq Kay Kitchen Say,<p><strong>Book Title:</strong> Zubeida Tariq Kay Kitchen Say</p><p><strong>Urdu Title:</strong> زبیدہ طارق کے کچن سے</p><p><strong>Author:</strong> Zubeida Tariq</p><p>Beautifully printed and bound edition published by Book Corner. Ideal for readers and collectors.</p>,Zubeida Tariq,,Books,Cooking,true,Title,Default Title,KW-ZUB-0484,400,shopify,100,deny,manual,600,750,true,false,,https://media.bookcorner.shop/uploads/5f0ae6940cc381594549908.jpg,1,Zubeida Tariq Kay Kitchen Say,false,,,,,g,,,,,active
zubeida-tariqs-kitchen,Zubeida Tariq's Kitchen,<p><strong>Book Title:</strong> Zubeida Tariq's Kitchen</p><p><strong>Author:</strong> Zubeida Tariq</p><p>Beautifully printed and bound edition published by Book Corner. Ideal for readers and collectors.</p>,Zubeida Tariq,,Books,Cooking,true,Title,Default Title,KW-ZUB-0485,400,shopify,100,deny,manual,395,500,true,false,,https://media.bookcorner.shop/uploads/5f0ae63a074b91594549818.jpg,1,Zubeida Tariq's Kitchen,false,,,,,g,,,,,active
zubeida-tariq-kay-kitchen-say-nay-zaqiay,Zubeida Tariq Kay Kitchen Say Nay Zaqiay,<p><strong>Book Title:</strong> Zubeida Tariq Kay Kitchen Say Nay Zaqiay</p><p><strong>Urdu Title:</strong> زبیدہ طارق کے کچن سے نئے ذائقے</p><p><strong>Author:</strong> Zubeida Tariq</p><p>Beautifully printed and bound edition published by Book Corner. Ideal for readers and collectors.</p>,Zubeida Tariq,,Books,Cooking,true,Title,Default Title,KW-ZUB-0486,400,shopify,100,deny,manual,600,750,true,false,,https://media.bookcorner.shop/uploads/5f0ae5904ba831594549648.jpg,1,Zubeida Tariq Kay Kitchen Say Nay Zaqiay,false,,,,,g,,,,,active
ali,Mera Bhai Muhammad Ali,<p><strong>Book Title:</strong> Mera Bhai Muhammad Ali</p><p><strong>Urdu Title:</strong> میرا بھائی محمد علی</p><p><strong>Author:</strong> Rahaman Ali</p><p>Beautifully printed and bound edition published by Book Corner. Ideal for readers and collectors.</p>,Rahaman Ali,,Books,Sports,true,Title,Default Title,KW-RAH-0487,400,shopify,100,deny,manual,2500,3100,true,false,,https://media.bookcorner.shop/uploads/67ce8369b4dc51741587305.jpg,1,Mera Bhai Muhammad Ali,false,,,,,g,,,,,active
wicket-se-wicket-tak,Wicket se Wicket tak,<p><strong>Book Title:</strong> Wicket se Wicket tak</p><p><strong>Urdu Title:</strong> وکٹ سے وکٹ تک</p><p><strong>Author:</strong> Peter Oborne</p><p>Beautifully printed and bound edition published by Book Corner. Ideal for readers and collectors.</p>,Peter Oborne,,Books,Sports,true,Title,Default Title,KW-PET-0488,400,shopify,100,deny,manual,2400,3000,true,false,,https://media.bookcorner.shop/uploads/5ff69823612b81609996323.jpg,1,Wicket se Wicket tak,false,,,,,g,,,,,active
cricket-ka-field-marshal,Javeed Miandaad Cricket Ka Field Marshal,<p><strong>Book Title:</strong> Javeed Miandaad Cricket Ka Field Marshal</p><p><strong>Urdu Title:</strong> جاوید میانداد کرکٹ کا فیلڈ مارشل</p><p><strong>Author:</strong> Muhammad Sajjad Khan</p><p>Beautifully printed and bound edition published by Book Corner. Ideal for readers and collectors.</p>,Muhammad Sajjad Khan,,Books,Sports,true,Title,Default Title,KW-MUH-0489,400,shopify,100,deny,manual,1500,1900,true,false,,https://media.bookcorner.shop/uploads/60f55bb241d381626692530.jpg,1,Javeed Miandaad Cricket Ka Field Marshal,false,,,,,g,,,,,active
shahid-afridi-game-changer,Shahid Afridi - Game Changer,<p><strong>Book Title:</strong> Shahid Afridi - Game Changer</p><p><strong>Urdu Title:</strong> شاہد آفریدی گیم چینجر</p><p><strong>Author:</strong> Shahid Afridi</p><p>Beautifully printed and bound edition published by Book Corner. Ideal for readers and collectors.</p>,Shahid Afridi,,Books,Sports,true,Title,Default Title,KW-SHA-0490,400,shopify,100,deny,manual,1160,1450,true,false,,https://media.bookcorner.shop/uploads/629865498e1331654154569.jpg,1,Shahid Afridi - Game Changer,false,,,,,g,,,,,active
muslim-separatism-in-india,Muslim Separatism in India,<p><strong>Book Title:</strong> Muslim Separatism in India</p><p><strong>Author:</strong> Abdul Hamid</p><p>Beautifully printed and bound edition published by Book Corner. Ideal for readers and collectors.</p>,Abdul Hamid,,Books,CSS / PMS,true,Title,Default Title,KW-ABD-0491,400,shopify,100,deny,manual,595,750,true,false,,https://media.bookcorner.shop/uploads/5e194239523301578713657.jpg,1,Muslim Separatism in India,false,,,,,g,,,,,active
general-science-ability-with-mcqs-1,General Science & Ability with MCQs,<p><strong>Book Title:</strong> General Science & Ability with MCQs</p><p><strong>Author:</strong> Prof. Naveed Aslam Dogar</p><p>Beautifully printed and bound edition published by Book Corner. Ideal for readers and collectors.</p>,Prof. Naveed Aslam Dogar,,Books,CSS / PMS,true,Title,Default Title,KW-PRO-0492,400,shopify,100,deny,manual,775,950,true,false,,https://media.bookcorner.shop/uploads/5eb63c592c68b1589001305.jpg,1,General Science & Ability with MCQs,false,,,,,g,,,,,active
international-relations,International Relations,<p><strong>Book Title:</strong> International Relations</p><p><strong>Author:</strong> M. Ikram Rabbani</p><p>Beautifully printed and bound edition published by Book Corner. Ideal for readers and collectors.</p>,M. Ikram Rabbani,,Books,CSS / PMS,true,Title,Default Title,KW-M. -0493,400,shopify,100,deny,manual,999,1250,true,false,,https://media.bookcorner.shop/uploads/5eb63c97ab2991589001367.jpg,1,International Relations,false,,,,,g,,,,,active
discovering-the-world-of-english-with-grammar-composition-essays,"Discovering The World of English With Grammar, Composition & Essays","<p><strong>Book Title:</strong> Discovering The World of English With Grammar, Composition & Essays</p><p><strong>Author:</strong> World Times</p><p>Beautifully printed and bound edition published by Book Corner. Ideal for readers and collectors.</p>",World Times,,Books,CSS / PMS,true,Title,Default Title,KW-WOR-0494,400,shopify,100,deny,manual,1099,1350,true,false,,https://media.bookcorner.shop/uploads/5eb63cefeac2e1589001455.jpg,1,"Discovering The World of English With Grammar, Composition & Essays",false,,,,,g,,,,,active
discovering-the-world-of-vocabulary,Discovering The World of Vocabulary,<p><strong>Book Title:</strong> Discovering The World of Vocabulary</p><p><strong>Author:</strong> Adeel Niaz</p><p>Beautifully printed and bound edition published by Book Corner. Ideal for readers and collectors.</p>,Adeel Niaz,,Books,CSS / PMS,true,Title,Default Title,KW-ADE-0495,400,shopify,100,deny,manual,650,800,true,false,,https://media.bookcorner.shop/uploads/5eb63d9dc7f061589001629.jpg,1,Discovering The World of Vocabulary,false,,,,,g,,,,,active
css-solved-compulsory-papers-2016-to-2019-with-tips-tricks-by-position-holders,CSS Solved Compulsory Papers 2016 to 2019 with Tips & Tricks By Position Holders,<p><strong>Book Title:</strong> CSS Solved Compulsory Papers 2016 to 2019 with Tips & Tricks By Position Holders</p><p><strong>Author:</strong> World Times</p><p>Beautifully printed and bound edition published by Book Corner. Ideal for readers and collectors.</p>,World Times,,Books,CSS / PMS,true,Title,Default Title,KW-WOR-0496,400,shopify,100,deny,manual,650,800,true,false,,https://media.bookcorner.shop/uploads/5eb63e948ab501589001876.jpg,1,CSS Solved Compulsory Papers 2016 to 2019 with Tips & Tricks By Position Holders,false,,,,,g,,,,,active
1000-words-vocabulary-builder,1000 Words Vocabulary Builder,<p><strong>Book Title:</strong> 1000 Words Vocabulary Builder</p><p><strong>Author:</strong> World Times</p><p>Beautifully printed and bound edition published by Book Corner. Ideal for readers and collectors.</p>,World Times,,Books,CSS / PMS,true,Title,Default Title,KW-WOR-0497,400,shopify,100,deny,manual,550,700,true,false,,https://media.bookcorner.shop/uploads/5eb63eb4350fe1589001908.jpg,1,1000 Words Vocabulary Builder,false,,,,,g,,,,,active
fpsc-patrol-officer-guide,FPSC Patrol Officer Guide,<p><strong>Book Title:</strong> FPSC Patrol Officer Guide</p><p><strong>Author:</strong> World Times</p><p>Beautifully printed and bound edition published by Book Corner. Ideal for readers and collectors.</p>,World Times,,Books,CSS / PMS,true,Title,Default Title,KW-WOR-0498,400,shopify,100,deny,manual,525,650,true,false,,https://media.bookcorner.shop/uploads/5eb63efd4e45d1589001981.jpg,1,FPSC Patrol Officer Guide,false,,,,,g,,,,,active
encyclopedia-of-general-knowledge,Encyclopedia of General Knowledge,<p><strong>Book Title:</strong> Encyclopedia of General Knowledge</p><p><strong>Author:</strong> Zahid Hussain Anjum</p><p>Beautifully printed and bound edition published by Book Corner. Ideal for readers and collectors.</p>,Zahid Hussain Anjum,,Books,CSS / PMS,true,Title,Default Title,KW-ZAH-0499,400,shopify,100,deny,manual,999,1250,true,false,,https://media.bookcorner.shop/uploads/5eb63f62a72fd1589002082.jpg,1,Encyclopedia of General Knowledge,false,,,,,g,,,,,active
fpsc-senior-auditor-guide,FPSC Senior Auditor Guide,<p><strong>Book Title:</strong> FPSC Senior Auditor Guide</p><p><strong>Author:</strong> World Times</p><p>Beautifully printed and bound edition published by Book Corner. Ideal for readers and collectors.</p>,World Times,,Books,CSS / PMS,true,Title,Default Title,KW-WOR-0500,400,shopify,100,deny,manual,499,600,true,false,,https://media.bookcorner.shop/uploads/5eb63f9524b2d1589002133.jpg,1,FPSC Senior Auditor Guide,false,,,,,g,,,,,active
ghalib-wazifa-khowar-ho,Ghalib Wazifa Khowar Ho,<p><strong>Book Title:</strong> Ghalib Wazifa Khowar Ho</p><p><strong>Urdu Title:</strong> غالب وظیفہ خوار ہو</p><p><strong>Author:</strong> Junoon Rizvi</p><p>Beautifully printed and bound edition published by Book Corner. Ideal for readers and collectors.</p>,Junoon Rizvi,,Books,CSS / PMS,true,Title,Default Title,KW-JUN-0501,400,shopify,100,deny,manual,500,600,true,false,,https://media.bookcorner.shop/uploads/5eb63ff0d783a1589002224.jpg,1,Ghalib Wazifa Khowar Ho,false,,,,,g,,,,,active
siraj-islamiat-urdu-mcqs,Siraj Islamiat Urdu MCQs,<p><strong>Book Title:</strong> Siraj Islamiat Urdu MCQs</p><p><strong>Urdu Title:</strong> سراج اسلامیات معروضی</p><p><strong>Author:</strong> Professor Hafiz Arshad Iqbal Chaudhar</p><p>Beautifully printed and bound edition published by Book Corner. Ideal for readers and collectors.</p>,Professor Hafiz Arshad Iqbal Chaudhar,,Books,CSS / PMS,true,Title,Default Title,KW-PRO-0502,400,shopify,100,deny,manual,450,550,true,false,,https://media.bookcorner.shop/uploads/5eb640234421d1589002275.jpg,1,Siraj Islamiat Urdu MCQs,false,,,,,g,,,,,active
pms-guide,PMS Guide,<p><strong>Book Title:</strong> PMS Guide</p><p><strong>Author:</strong> Amar Shakir Jajja</p><p>Beautifully printed and bound edition published by Book Corner. Ideal for readers and collectors.</p>,Amar Shakir Jajja,,Books,CSS / PMS,true,Title,Default Title,KW-AMA-0503,400,shopify,100,deny,manual,999,1250,true,false,,https://media.bookcorner.shop/uploads/5eb6407ddb3d41589002365.jpg,1,PMS Guide,false,,,,,g,,,,,active
tayyab-islamiat-for-css-pms-pcs,Tayyab Islamiat For CSS PMS PCS,<p><strong>Book Title:</strong> Tayyab Islamiat For CSS PMS PCS</p><p><strong>Urdu Title:</strong> طیب اسلامیات</p><p><strong>Author:</strong> Sardar Aftab Naseer Ahmed</p><p>Beautifully printed and bound edition published by Book Corner. Ideal for readers and collectors.</p>,Sardar Aftab Naseer Ahmed,,Books,CSS / PMS,true,Title,Default Title,KW-SAR-0504,400,shopify,100,deny,manual,835,1050,true,false,,https://media.bookcorner.shop/uploads/5eb640ed062ae1589002477.jpg,1,Tayyab Islamiat For CSS PMS PCS,false,,,,,g,,,,,active
mastering-the-art-of-precis-writing-comprehension,Mastering the Art of Precis Writing & Comprehension,<p><strong>Book Title:</strong> Mastering the Art of Precis Writing & Comprehension</p><p><strong>Author:</strong> Sabahat Hussain</p><p>Beautifully printed and bound edition published by Book Corner. Ideal for readers and collectors.</p>,Sabahat Hussain,,Books,CSS / PMS,true,Title,Default Title,KW-SAB-0505,400,shopify,100,deny,manual,475,600,true,false,,https://media.bookcorner.shop/uploads/5eb6417602d6a1589002614.jpg,1,Mastering the Art of Precis Writing & Comprehension,false,,,,,g,,,,,active
essentials-of-international-relations,Essentials of International Relations,<p><strong>Book Title:</strong> Essentials of International Relations</p><p><strong>Author:</strong> Kanwal Batool Naqvi</p><p>Beautifully printed and bound edition published by Book Corner. Ideal for readers and collectors.</p>,Kanwal Batool Naqvi,,Books,CSS / PMS,true,Title,Default Title,KW-KAN-0506,400,shopify,100,deny,manual,1000,1250,true,false,,https://media.bookcorner.shop/uploads/5eb64190ee0741589002640.jpg,1,Essentials of International Relations,false,,,,,g,,,,,active
encyclopedia-of-general-knowledge-mcqs,Encyclopedia of General Knowledge MCQs,<p><strong>Book Title:</strong> Encyclopedia of General Knowledge MCQs</p><p><strong>Author:</strong> Adeel Niaz</p><p>Beautifully printed and bound edition published by Book Corner. Ideal for readers and collectors.</p>,Adeel Niaz,,Books,CSS / PMS,true,Title,Default Title,KW-ADE-0507,400,shopify,100,deny,manual,699,850,true,false,,https://media.bookcorner.shop/uploads/5eb64314f0bc61589003028.jpg,1,Encyclopedia of General Knowledge MCQs,false,,,,,g,,,,,active
